ID,fisk_id1,fisk_id2,Longitude,Latitude,Season,Date,Fjord,Distance_farm,Treatment,Location,Farm,Length_cm,Weight_g,Gonade_g,Length,Weight,Fulton,Liver,Gonad,Stomach,Ovarie,Code_sex_maturity,Maturity,Sex,nitrogen,dorsal fin,otolitt,redskap_Norw,Sampling_gear,Age,Age_first_spawn,Spawning_zones,pan1,pan2,NEAC,CC,Genotype,FA_G,FA_M,FA_L,Lauric,Tridecanoic,Myristic,Myristoleic,Pentadecanoic,Palmitic,Palmitoleic,Heptadecanoic,cis_10_Heptadecenoic,Stearic,Elaidic,Oleic,Vaccenic,Linoleic,Arachidic,g_Linolenic_Acid,cis_11_Eicosenoic,Linolenic,Eicosadienoic,Behenic,Eicosatrienoic_3n6,Erucic,Eicosatrienoic_3n3,Arachidonic,Docosadienoic,Lignoceric,Eicosapentaenoic,Nervonic,Docosatetraenoic,Docosapentaenoic,Docosahexaenoic,w3,w6,SFA,MFA,PUFA
F_106,WP3-106,FO-32,21.47586,70.26548,Q419,2019-10-17,Frakkfjord,15326.6942523406,Control,Frakkfjord,0,66,2200,NA,66,2200,0.7652280379553107,46,NA,41,NA,mature_male_frakk,mature,male,1,1,1,Garn,gillnet,4,NA,NA,A,A,0,1,CC,0,1,1,0,4.7420101738,6.1519124823,0.0729304407,0.5089407887,12.1256806728,7.6087430507,0.1690297403,0.2462757666,2.592073217,0.2085452499,10.4565440611,3.7110854372,1.9777908564,0.1129527115,0.1163850966,16.0806204644,0.8096055392,0.374967381,0.260513928,0.0753130825,1.1655792335,0.1400960457,0.5464203452,1.0705099456,0.2141570612,8.634369666,1.0235596346,0.0245591248,0.0683944153,18.7104343877,29.5310853711,4.1859458321,26.877270775600003,40.57388333869999,32.548845886
F_110,WP3-110,OO-02,21.40759,70.15301,Q419,2019-10-14,Olderfjord,16153.4178882379,Control,Olderfjord,0,50.5,1143,NA,50.5,1143,0.8875076312650381,29,NA,67,NA,immature_male_older,immature,male,1,1,1,Jukse,hooks,3,NA,NA,B,B,0.05,0.95,CC,0,1,1,0,4.2937150429,3.0831391168,0.0528162253,0.4048391288,13.4085950062,5.6140117565,0.3223232921,0.4251862778,3.8568712122,0.1744066031,18.4983441991,6.7693923378,1.6332525704,0.1345795057,0.0365779581,13.3550591028,0.8147495978,0.6047748616,0.1155677738,0.0658381664,0.7977042962,0.2843633049,0.9359319879,0.6498365184,0.0682902391,8.3769462063,0.6892814482,0.0271318693,0.069823593,14.4366508017,24.8010364763,3.9533439321,25.6879203176,46.376202246800005,27.935877435800002
F_114,WP3-114,OO-06,21.40759,70.15301,Q419,2019-10-15,Olderfjord,16153.4178882379,Control,Olderfjord,0,76,3820,59,76,3820,0.8702070272634495,412,59,55,1,mature_female_older,mature,female,1,1,1,Garn,gillnet,5,NA,NA,A,A,0,1,CC,1,1,1,0,3.5011115975,2.4326738899,0.0344605828,0.2622713965,9.3663564681,3.9386763552,0.1491639689,0.2629081306,2.0207683718,0.0578183653,36.119057334,4.1199424102,12.1140017628,0.0845018293,0.0834301724,6.7291788447,4.5558544162,0.4214289107,0.023628258,0.0471088996,0.4456264538,0.1416004757,0.2832544738,0.5391641976,0.0201557874,5.3276343825,0.1855274743,0.0182347117,0.0731900139,6.6412700648,24.2976966997,13.506623128599998,17.8606315674,51.89319595090001,30.246172481700004
F_117,WP3-117,OO-09,21.40759,70.15199,Q419,2019-10-15,Olderfjord,16184.5486694326,Control,Olderfjord,0,52,1078,NA,52,1078,0.766670459717797,22,NA,25,NA,immature_male_older,immature,male,1,1,1,Jukse,hooks,3,NA,NA,A,A,0.01,0.99,CC,0,1,1,0.0646906788,5.8316428986,6.6906053004,0.0869579717,0.7811118222,18.5206468013,8.7706566156,0.4327818058,0.4576083044,3.8348155926,0.2807584257,14.8446720847,7.114657725,1.4852806913,0.138430098,0.0593259576,14.0357185327,0.5286704592,0.3706833009,0.0648738998,0.060833727,0.7235054987,0.141589753,0.6403675149,0.1107779946,0.0347566697,5.4207880407,0.9844924517,0.030875138,0.1700265257,7.2873977195,14.5050827302,2.7581443242999995,36.3943555672,47.29902761020001,16.3066168224
F_120,WP3-120,OO-12,21.40759,70.15199,Q419,2019-10-15,Olderfjord,16184.5486694326,Control,Olderfjord,0,69,2500,29,69,2500,0.7610141579073937,110,29,45,1,mature_female_older,mature,female,1,1,1,Jukse,hooks,4,NA,NA,A,B,0,1,CC,1,1,1,0.0301708622,3.9960756076,8.5143215838,0.083729852,0.606288921,14.5156896009,7.5491152598,0.1784217749,0.3719967986,2.4865375911,0.0269329807,14.0749715794,3.349354028,2.0927525719,0.0972993851,0.0956181501,21.8589144622,1.2318625736,0.2747260965,0.0536676865,0.0162638794,1.3092420657,0.1362719257,0.2349950102,0.8462951754,0.0061334438,5.9394921364,0.9706580345,0.0166066213,0.0196338256,9.0159605159,17.2041109755,3.5772575048,30.484606456899996,49.5949150609,19.920478482
F_127,WP3-127,OO-19,21.40759,70.15199,Q419,2019-10-15,Olderfjord,16184.5486694326,Control,Olderfjord,0,57,1350,3,57,1350,0.7289692374981775,15,3,58,1,immature_female_older,immature,female,1,1,1,Jukse,hooks,4,NA,NA,A,A,0,1,CC,1,1,1,0,5.7913671806,4.4843537038,0.076614626,0.5146302549,13.8467122205,8.9422231176,0.3644926561,0.2763504176,3.9024011687,0.2250484856,14.1071671751,5.9197299045,2.1098324104,0.1095478847,0.1281750637,11.0857686245,0.7211718845,0.4670451317,0.0882784869,0.0789453513,0.6854540446,0.153754657,1.0880494069,0.6600633702,0.1528229726,10.3642807317,0.4617155461,0.0252846219,0.1419663028,13.0267525978,25.7965866997,4.5573953561,29.2546065288,41.7800719416,28.9653215299
F_132,WP3-132,OO-24,21.40759,70.15301,Q419,2019-10-16,Olderfjord,16153.4178882379,Control,Olderfjord,0,80.5,4050,24,80.5,4050,0.7763675630756711,112,24,118,1,mature_female_older,mature,female,1,1,1,Garn,gillnet,6,NA,NA,A,B,0,1,CC,1,1,1,0,4.6617494979,8.9602127377,0.0919534177,0.3583293757,14.4635530343,6.7812107604,0.1599120474,0.4349331563,2.0808604025,0.0656002872,13.9642294958,3.208646672,2.0514506272,0.1036535157,0.0879330457,18.8100119737,0.8813402713,0.3090985349,0.121402911,0.0923459153,1.2991251458,0.1186120435,0.3273925648,0.8371602304,0.0104917815,5.6583857663,0.8217899971,0.0116173346,0.0471150706,13.1798823858,21.055445893399998,3.7169982529,30.9201653037,45.477500905999996,23.6023337904
F_134,WP3-134,OO-26,21.40759,70.15301,Q419,2019-10-16,Olderfjord,16153.4178882379,Control,Olderfjord,0,71.5,4080,23,71.5,4080,1.1162000501332499,186,23,625,1,mature_female_older,mature,female,1,1,1,Garn,gillnet,5,NA,NA,B,B,0,1,CC,1,1,1,0,4.6492794252,6.8583503561,0.0790798946,0.3161080568,16.5747907014,6.9102859558,0.1890776655,0.4022226614,3.0713000164,0.067665789,18.328786152,3.669361103,2.0056431305,0.1109920083,0.0834980497,15.8957237288,0.9512705498,0.3448275002,0.035989862,0.0628189962,1.0107506195,0.1137804718,0.3067222512,0.6752477182,0.0188600704,5.9234886501,0.6857363818,0,0.0171363361,10.6412058981,18.7012544866,3.4787576460000005,31.824748162099997,47.049612285900004,21.1256395519
F_136,WP3-136,OO-28,21.40759,70.15301,Q419,2019-10-16,Olderfjord,16153.4178882379,Control,Olderfjord,0,81.5,5150,36,81.5,5150,0.9513370326181604,440,36,94,1,mature_female_older,mature,female,1,1,1,Garn,gillnet,5,NA,NA,A,A,0,1,CC,1,1,1,0,2.8120784706,4.9411007649,0.0657249827,0.3972905051,12.6904981479,6.4039413198,0.2271383564,0.3352207218,3.982103955,0.2572613861,16.1520692108,4.6744520621,1.9520464773,0.1572736504,0.1320182677,14.0580382711,0.8186333037,0.3781693653,0.082846738,0.105378762,0.8035417627,0.1563027438,0.9297211985,0.8777432499,0.0133558445,10.7308779143,0.4466519383,0.4306109195,0.1349842001,14.8529255097,27.827136845200002,4.8056882402,25.303686432800003,43.1969016554,31.499411911800003
F_140,WP3-140,OO-32,21.40759,70.15301,Q419,2019-10-16,Olderfjord,16153.4178882379,Control,Olderfjord,0,59.5,1880,NA,59.5,1880,0.892497384519799,49,NA,45,NA,immature_male_older,immature,male,1,1,1,Garn,gillnet,6,NA,NA,A,A,0,1,CC,0,1,1,0,3.8933331714,5.70516591,0.0925130175,0.517377168,12.6474701595,10.0046701943,0.3181623998,0.3371411172,3.5522189023,0.3606442253,14.6992784924,6.9374573314,2.0047813547,0.1455615424,0.1102606809,10.9726115957,0.8159990268,0.5530165436,0.1064693224,0.0840734163,1.000571226,0.1767425816,0.820645075,0.9069608962,0.0652206629,11.9394151757,0.4622195973,0.0258720308,0.1851175393,10.5590296435,24.8650862948,4.505609997500001,26.950979238699997,44.86710679709999,28.1819139644
F_147,WP3-147,20-F-04,21.44,70.22,Q220,2020-04-08,Frakkfjord,14655.9582571351,Control,Frakkfjord,0,92.5,8800,596,92.5,8800,1.111878862061477,402,596,248,1,mature_female_frakk,mature,female,1,1,1,Garn,gillnet,10,5,5,A,A,0,1,CC,1,1,1,0,6.3617824073,5.7398309365,0.0664372354,0.6031438854,21.7351093547,7.8037158152,0.3058400009,0.5685668605,4.4306625761,0.1959252667,26.0501535788,7.1668320246,1.0747524605,0.1834263693,0.0611793408,12.9734836103,0.2188987821,0.6304117356,0.2480081972,0.0316123085,0.8867442659,0.0596112827,0.1757945108,0.1374889989,0.0170195474,0.6026669415,0.7615472247,0.0129553218,0.0268239158,0.8695752441,2.6334298446,2.1241946768999997,39.624823274799994,56.4734058821,3.9017708431
F_187,WP3-187,20-F-19,21.44,70.22,Q220,2020-04-16,Frakkfjord,14655.9582571351,Control,Frakkfjord,0,75,3500,14,75,3500,0.8296296296296296,245,14,64,1,mature_female_frakk,mature,female,1,1,1,Garn,gillnet,7,NA,NA,A,A,0,1,CC,1,1,1,0.1315929512,5.1712420034,6.512839501,0.0940775242,0.5292563745,14.1603059296,6.2263970285,0.1849500426,0.4042350255,2.7237722246,0.1586818867,18.3764931605,3.1231647778,2.3995768642,0.1288877297,0.1164049862,13.5525828882,1.3410642916,0.270582789,0.2380767541,0.0875297357,0.5222145312,0.1153904511,0.4628017898,0.8088137492,0.0288292393,8.1929941461,0.501164502,0.0185390788,0,13.4175380436,24.125499505,4.1642489929,29.809752749999998,42.959011324600006,27.231235925300002
F_19,WP3-19,BI-19,21.81979,70.19185,Q419,2019-10-10,Bergsfjord,0,Impact,Bergsfjord,1,105,9600,173,105,9600,0.829284094590217,761,173,153,1,mature_female_berg,mature,female,1,1,1,Jukse,hooks,10,NA,NA,A,A,0,1,CC,1,1,1,0,4.4639513381,5.2289240301,0.0784198852,0.497596441,15.8092514812,0.1494135981,0.1039115889,0.5108648523,2.9831760149,0.1233869658,22.3570874774,5.1629247873,2.3859128721,0.1294256914,0.1099744269,2.902750839,0.3071334586,2.1915178815,0.0746237868,0.0726695458,0.9770478242,0.1371221302,0.5364660035,0.947573533,0.0277726871,9.8516538517,0.6722982738,0.0196129743,0.0368884718,21.1506472879,33.562224613699996,6.2637272371,29.3186330595,32.9341945031,37.7471724373
F_195,WP3-195,20-B-02,21.81979,70.19185,Q220,2020-05-10,Bergsfjord,0,Impact,Bergsfjord,1,66,2101,14,66,2101,0.7307927762473218,14,14,19,1,mature_female_berg,mature,female,1,1,1,Jukse,hooks,4,NA,NA,A,A,0,1,CC,1,1,1,0.059704442,3.7302008653,5.27272565,0.10706526,0.5085038604,12.3511424917,10.5791842465,0.162796208,0.4175819248,2.3485591978,0.1255318336,16.720707032300002,5.7506507579,2.4246237206,0.1190603468,0.0915553104,14.7410886475,0.7022648808,0.4341355252,0.0835841214,0.0726877394,0.9677086157,0.1081662905,0.8063669607,0.6043331436,0.0539992764,7.509535624,0.4646937585,0.0212724404,0.1185425416,12.5420272862,22.7028954629,4.4549748403,24.6902764598,49.87421207679999,25.4355114634
F_198,WP3-198,20-F-27,21.47209,70.212724,Q220,2020-05-11,Frakkfjord,13313.9882727926,Control,Frakkfjord,0,75,3900,NA,75,3900,0.9244444444444444,96,NA,68,NA,mature_male_frakk,mature,male,1,1,1,Garn,gillnet,7,6,1,A,A,0,1,CC,0,1,1,0.0538483643,3.7099524649,4.4935601831,0.0565596828,0.4519932522,15.7659367937,6.1643059828,0.3154592159,0.5665070691,4.6395108194,0.1862821958,20.0717226534,4.957197388,1.4949388173,0.1490276949,0.0743759874,11.9015927491,0.7748002599,0.447270721,0,0.0769009193,0.7641291329,0.1664806512,1.0942913412,0.6711465079,0.0764193858,6.1718561825,0.728307712,0.038537927,0.2770976055,13.6599903396,21.7703635961,3.8974622211,29.6557081742,45.3966045659,24.9476872598
F_201,WP3-201,20-B-05,21.81979,70.19185,Q220,2020-05-12,Bergsfjord,0,Impact,Bergsfjord,1,91,5800,138,91,5800,0.7696686841717635,743,138,158,1,mature_female_berg,mature,female,1,1,1,Jukse,hooks,8,7,2,A,A,0,1,CC,1,1,1,0,2.2117539895,1.8771296299,0.0146081474,0.1925866182,8.9201846569,3.2257169571,0.1254781767,0.2230970811,2.3313787439,0.0410743553,42.8038785037,4.0528206134,14.7603114298,0.0888440976,0.0844509573,0.0919769189,6.9673509542,0.3668339514,0.00973247,0.0588369619,0.2451305005,0.1172660329,0.3317789569,0.4043222748,0.0178327449,4.9318100264,0.1605715541,0.0076903628,0.0389355949,5.2966167375,25.1449398215,16.014224894899996,15.774921127599997,50.8588746315,33.366204240799995
F_202,WP3-202,20-B-06,21.81979,70.19185,Q220,2020-05-12,Bergsfjord,0,Impact,Bergsfjord,1,49,1223,NA,49,1223,1.0395328477080128,102,NA,37,NA,immature_male_berg,immature,male,1,1,1,Jukse,hooks,3,NA,NA,A,A,0,1,CC,1,1,1,0,5.2854837494,2.9217135506,0.0336116743,0.3196418158,12.9984965378,5.1345281981,0.2280569166,0.3329863104,2.973817408,0.1531419904,0.8914238741,6.5339481409,28.6367171667,0.1348681243,0.1388200871,0.2000232553,10.9388661049,1.0145606116,0.0217089756,0.0913930812,0.3611644301,0.2040898992,0.699823095,0.6240348658,0.0199976378,9.448312774,0.1714205462,0.0178695994,0.118605423,9.3508741565,47.75859941939999,31.2232185068,24.9037847159,13.8122484198,61.28396686439999
F_204,WP3-204,20-B-08,21.81979,70.19185,Q220,2020-05-12,Bergsfjord,0,Impact,Bergsfjord,1,59.5,1811,NA,59.5,1811,0.8597408315773171,83,NA,44,1,immature_male_berg,immature,male,1,1,1,Jukse,hooks,6,NA,NA,A,B,0.2,0.8,CC,0,1,1,0.0626245276,2.8449466033,5.1045984326,0.0806679867,0.1846425385,11.6248822327,8.8243106626,0.1151795306,0.1731548598,2.1855744404,0.0647964356,22.3709060423,4.4178189136,7.0317859175,0.1163410019,0.0898677115,13.9002815742,2.6280983023,0.3522180706,0.0193692564,0.0783214261,0.8681488741,0.0703911192,0.3548432344,0.5010385812,0.0268233639,6.4059163782,0.4181796634,0.3843667506,0.0191005712,8.6808049966,22.207998982699998,8.792441691899999,22.2849819279,51.1182650123,26.5967530594
F_206,WP3-206,20-B-10,21.81979,70.19185,Q220,2020-05-12,Bergsfjord,0,Impact,Bergsfjord,1,69.5,2759,16,69.5,2759,0.8218589457402558,61,16,157,1,mature_female_berg,mature,female,1,1,1,Jukse,hooks,5,NA,NA,A,A,0,1,CC,1,1,1,0.1773585468,5.5050718781,6.4998237016,0.0586046234,0.695201794,17.436274474,6.7243677596,0.2404687864,0.4823503842,3.5632441089,0.1986869094,21.5510748643,5.2593918371,4.7134553529,0.2119563199,0.0924379808,11.2341741243,1.7468989561,0.8164015611,0.1117725958,0.1274548366,0.8666252173,0.2531234077,0.3034221712,0.5781925238,0.0497523185,2.6045424191,0.8319633522,0.0636368918,0.1364528474,6.8658174556,14.5733914827,6.6950013182,34.49092452399999,47.2072390718,18.3018364041
F_207,WP3-207,20-B-11,21.81979,70.19185,Q220,2020-05-12,Bergsfjord,0,Impact,Bergsfjord,1,60.5,2275,10,60.5,2275,1.027342552697875,149,10,104,1,mature_female_berg,mature,female,1,1,1,Jukse,hooks,4,NA,NA,A,A,0,1,CC,1,1,1,0,3.4563354825,2.1384912715,0.0190490058,0.2090116826,8.7261553614,3.2324089966,0.1425057856,0.1919637278,2.1202815017,0.1043568921,38.2574485123,3.7886085351,17.2283882452,0.0983269567,0.0754154691,0.1647702304,6.6564064309,0.6447733121,0.0427586292,0.0670194439,0.2679678257,0.1312915406,0.3673141968,0.3820573483,0.0277448608,5.2703045002,0.1583944565,0.0104817568,0.0399901016,5.9799779405,28.649952328100003,18.775449772200002,16.961611532,46.1849681823,36.853420286
F_212,WP3-212,20-B-16,21.81979,70.19185,Q220,2020-05-13,Bergsfjord,0,Impact,Bergsfjord,1,58,2060,6,58,2060,1.0558038459961459,219,6,51,1,immature_female_berg,immature,female,1,1,1,Jukse,hooks,5,NA,NA,A,B,0,1,CC,1,1,1,0.0155421382,1.6516295803,2.2743044426,0.0208849429,0.2624525445,10.2244706285,3.5030057704,0.2025797247,0.0195468312,3.3171437268,0.3770000987,49.5565622782,4.7115590579,0.0329984747,0.0255458228,0.0597320817,0.5536738227,8.5050580138,0.0743724249,0.0152110084,0.08880694,0.0472169363,0.2018678212,0.5011280607,0.0266907209,0.0254464935,6.3185438663,0.2022151538,0.0212480844,0.0487132418,7.1148492673,13.716972671299999,0.8049767873000001,18.0143261103,58.9916648921,22.994008997699996
F_213,WP3-213,20-B-17,21.81979,70.19185,Q220,2020-05-13,Bergsfjord,0,Impact,Bergsfjord,1,54.5,1472,8,54.5,1472,0.9093232661199093,138,8,31,1,immature_female_berg,immature,female,1,1,1,Jukse,hooks,4,NA,NA,A,B,0.01,0.99,CC,1,1,1,0,1.844213563,1.712052346,0.0169080398,0.185214715,9.0880580459,3.1264809845,0.1752766995,0.235948011,2.9786422271,0.0922152258,39.9657748849,4.1789141516,16.4625407249,0.1623453447,0.0691773651,0.1105900391,6.4280100087,0.4773192165,0.0570314294,0.056161734,0.3419611831,0.1161827083,0.3362322306,0.3701483188,0.0155146374,4.7571551329,0.2710652899,0.0097457289,0.0317942032,6.3273258103,27.694998579599996,17.781325318799997,16.218349007999997,48.33985780969999,35.441793182199994
F_214,WP3-214,20-B-18,21.81979,70.19185,Q220,2020-05-13,Bergsfjord,0,Impact,Bergsfjord,1,51.5,1277,5,51.5,1277,0.9349087191951878,101,5,45,1,immature_female_berg,immature,female,1,1,1,Jukse,hooks,3,NA,NA,A,B,0,1,CC,1,1,1,0,3.0608024957,1.9167935944,0.0158592299,0.0984216925,9.0237085146,2.8402330465,0.1585243426,0.1415059214,3.167606372,0.0857020355,36.4810988468,3.6205296437,17.8963981046,0.1337962125,0.0747579696,0.0999391188,7.6280349791,0.536277136,0.0443115659,0.0909085215,0.2447121804,0.148029702,0.4202590735,0.3673868673,0.0202235456,5.0099846603,0.1704711683,0.0129960432,0.0364431151,6.4542843007,29.545139882699996,19.3989837157,17.624188335799996,43.700051191300005,38.675760472899995
F_217,WP3-217,20-B-21,21.81979,70.19185,Q220,2020-05-13,Bergsfjord,0,Impact,Bergsfjord,1,44.5,908,4,44.5,908,1.0303999182942796,37,4,59,1,immature_female_berg,immature,female,1,1,1,Jukse,hooks,3,NA,NA,A,B,0,1,CC,1,1,1,0.0193104476,3.4332309763,2.7462970053,0.0189940914,0.2264574775,8.9596027142,3.9230033544,0.152559695,0.1630135407,2.3493946906,0.0694176992,33.6590927654,3.8259155856,15.8814203933,0.0953468906,0.0566431788,0.1080757117,6.2518414617,0.4791917964,0.0582128527,0.0831738219,0.320206083,0.1252002071,0.4824704518,0.5053947099,0.0667840889,6.5952678055,0.1778123677,0.0159286047,0.0440747057,9.1066648257,31.752627937300005,17.504222956800003,18.1071968387,42.2655311991,39.627271962500004
F_218,WP3-218,20-B-22,21.81979,70.19185,Q220,2020-05-13,Bergsfjord,0,Impact,Bergsfjord,1,55.5,1632,NA,55.5,1632,0.9546434674265207,89,NA,56,NA,immature_male_berg,immature,male,1,1,1,Jukse,hooks,4,NA,NA,A,B,0.05,0.95,CC,0,1,1,0.0149153371,3.2488477169,2.2357961021,0.0269418799,0.2010378175,9.7987052372,3.6754829321,0.142718621,0.1622601989,2.6747823443,0.0790031263,33.5788544135,3.8153786418,16.117122918,0.1173472331,0.092163746,3.0327668386,6.8072867203,0.5181940355,0.0184237818,0.0943564997,0.2467802154,0.1336495191,0.4769516611,0.3837530497,0.0157597609,5.4790350586,0.1975947704,0,0.0355403309,6.5785494925,28.3438973191,17.68254191,18.468333951899996,44.8150630169,36.716603031400005
F_220,WP3-220,20-B-24,21.793226,70.21833,Q220,2020-05-19,Bergsfjord,3113.2036117016,Impact,Bergsfjord,0,68,2565,27,68,2565,0.8157566659881946,114,27,41,1,mature_female_berg,mature,female,1,1,1,Garn,gillnet,7,6,1,A,A,0.17,0.83,CC,1,1,1,0.0430055544,4.1390797552,4.8044822227,0.0917698546,0.4864021603,14.6937366551,8.7695840424,0.2201289942,0.4887117843,2.5406887594,0.1613503651,22.5968157929,7.0168146894,1.9530010637,0.1138410265,0.0486037165,13.6712698199,0.6836465822,0.4014479931,0.0886775927,0.0606362833,0.7080299687,0.1450936339,0.6275940412,0.5550570139,0.0077667016,5.4052333819,0.3574859006,0.0206781072,0.0881664487,9.0112000944,16.602694622599998,3.6670182189000005,27.137809422100005,53.86183221789999,19.00035836
F_225,WP3-225,20-B-29,21.818739,70.182689,Q320,2020-07-07,Bergsfjord,1020.5685867475,Impact,Bergsfjord,0,56,1340,NA,56,1340,0.7630284256559767,20,NA,43,NA,immature_male_berg,immature,male,1,1,1,Jukse,hooks,5,NA,NA,A,B,0,1,CC,0,1,1,0,7.9151801404,7.5492968791,0.08527777,0.6770333498,18.9197521007,9.9645310863,0.1673118631,0.3830964564,4.2913531067,0.1575283884,15.9557631743,6.5490025706,1.9143968517,0.1583297402,0.0397330278,11.5533662823,0.5321795131,0.3638723191,0,0.056160708,0.9171799595,0.1668218709,0.7699410959,0.3179963924,0.0344415535,3.4958649249,1.0704784376,0.0440056293,0.0814899433,5.8686148647,11.5271884555,3.5061060242000006,39.712698733500005,46.6362241254,13.6510771411
F_226,WP3-226,20-B-30,21.818739,70.182689,Q320,2020-07-07,Bergsfjord,1020.5685867475,Impact,Bergsfjord,0,41.5,700,NA,41.5,700,0.9793856803320118,14,NA,10,NA,immature_male_berg,immature,male,1,1,1,Jukse,hooks,3,NA,NA,A,B,0,1,CC,0,1,1,0.0472068825,5.5717786491,8.3452643577,0.0875659887,0.64404089,19.1904434538,9.745163004,0.3626220745,0.4358747335,4.1950067398,0.2972371089,16.497610804,6.0210240861,1.8420852172,0.1672237898,0.0211402637,19.2164527511,0.4304900871,0.3591682737,0.0330888444,0.0550750205,1.2342034527,0.1549184146,0.2782010331,0.2037667461,0.0238493043,1.55158433,0.9802273152,0.0169892611,0.0514727025,1.9392244203,5.5392850845999995,2.7764258154,38.5805249859,54.5153592442,6.904115769900001
F_238,WP3-238,20-B-42,21.82426,70.183487,Q320,2020-07-08,Bergsfjord,946.118666648,Impact,Bergsfjord,0,41.5,619,NA,41.5,619,0.8660567658935933,8,NA,12,NA,immature_male_berg,immature,male,1,1,1,Jukse,hooks,4,NA,NA,A,A,0,1,CC,0,1,1,0,13.3823992032,5.1836377093,0.0672346712,0.6577987389,17.4190758884,9.9680039966,0.5265909264,0.3883701655,5.4190372292,0.4535918998,14.0780005827,8.7783389518,2.038773552,0.260559028,0.1809132712,4.2430272987,0.4765230859,0.6084363158,0.0812643813,0.0923447052,0.5090152392,0.1619666015,1.855248592,0.4153918545,0.076294283,6.3985182918,0.6571863092,0.0493915909,0.2014230857,5.3716425511,14.172324082100001,5.2404998816,43.0066573877,39.1427691147,17.8505734976
F_239,WP3-239,20-B-43,21.760953,70.22529,Q320,2020-07-08,Bergsfjord,4333.0617763756,Impact,Bergsfjord,0,45,798,NA,45,798,0.8757201646090536,13,NA,18,NA,immature_male_berg,immature,male,1,1,1,Jukse,hooks,5,NA,NA,A,A,0,1,CC,0,1,1,0.0758366619,4.8359163284,4.6821421874,0.0841011822,0.6109847122,18.8379652353,10.9536802471,0.4611319095,0.5146650433,5.4992825041,0.3895767554,21.5013098445,10.516533164,2.1118888068,0.1868923591,0.1639918704,4.3644931523,0.6701360421,0.5896450041,0.0348830633,0.0801391775,0.4242363526,0.1487504948,0.9534258726,0.4462970424,0.0269359955,8.0864855997,0.3415193945,0.1813820599,0.146012934,2.0797590032,12.572896838499998,4.5267698336999995,35.2519709567,49.09011513589999,15.6579139075
F_244,WP3-244,20-B-48,21.82691,70.171994,Q320,2020-07-08,Bergsfjord,2226.6340955563,Impact,Bergsfjord,0,43,720,NA,43,720,0.9055806406983032,8,NA,15,NA,immature_male_berg,immature,male,1,1,0,Jukse,hooks,3,NA,NA,A,A,0,1,CC,0,1,1,0,19.849749693,4.8165433995,0.0262254968,0.5373453227,16.455785333,5.8292384456,0.3171947229,0.2874478799,4.0063974341,0.2347448499,12.1662575141,5.6389040939,1.8966110336,0.2347885085,0.0409104257,8.4287791408,0.4798040208,0.3632883831,0.0526620232,0.0551313057,0.8527199075,0.1875845568,1.714498271,0.3180159666,0.0618434785,4.3095379528,1.0690355656,0.0619882596,0.1550659993,9.5519010154,16.100700557899998,4.450443645299999,46.3323099154,34.533352894100005,19.1343371904
F_245,WP3-245,20-B-49,21.82691,70.171994,Q320,2020-07-08,Bergsfjord,2226.6340955563,Impact,Bergsfjord,0,40,530,NA,40,530,0.828125,6,NA,20,NA,immature_male_berg,immature,male,1,1,1,Jukse,hooks,3,NA,NA,A,A,0,1,CC,0,1,1,0,28.4978176232,2.9052112569,0.1226843693,0.6515193357,16.8447446879,6.4061739601,0.5457620184,0.3968280726,5.5901278993,0.4871718568,12.3031042317,8.1680131647,1.1472038031,0.2151819268,0.1399192863,3.6796413823,0.2334631879,0.1816178638,0.1083968203,0.0492835547,2.0673535713,0.1372643433,1.5350191775,0.1509552489,0.0407685179,2.8731193429,0.5408126828,0.0308580036,0.1061289868,3.8438538232,8.1075702993,3.2348569379,55.3995300864,34.17178329159999,10.428686622
F_246,WP3-246,20-B-50,21.82691,70.171994,Q320,2020-07-08,Bergsfjord,2226.6340955563,Impact,Bergsfjord,0,32.5,300,3,32.5,300,0.8739189804278562,4,3,6,1,immature_female_berg,immature,female,1,1,1,Jukse,hooks,3,NA,NA,A,B,0.02,0.98,CC,1,1,1,0.0444002755,8.2346368445,9.0701721104,0.0947948629,0.7206775521,24.2135741103,9.5665753424,0.4216732421,0.3348894477,4.2861620383,0.2338294121,13.1809701124,5.8910003004,1.453944994,0.2573417005,0.0458212358,16.3958680937,0.2758579966,0.2668292887,0.062151046,0.0659893953,1.4793949368,0.2253886429,0.1233468254,0.1750647869,0.0442696526,0.7039675696,1.5429989406,0.0228674697,0,0.5655417741,2.9488429806000003,2.1538639958,47.355058572299995,48.720321449000004,3.924619979
F_248,WP3-248,20-B-52,21.845349,70.147651,Q320,2020-07-08,Bergsfjord,5013.9873477225,Impact,Bergsfjord,0,41,530,NA,41,530,0.7689963871679169,5,NA,8,NA,immature_male_berg,immature,male,1,1,1,Jukse,hooks,3,NA,NA,A,B,0,1,CC,0,1,1,0.0513933417,8.4704583212,8.5081644522,0.096630153,0.5603726672,18.2490947367,7.96116127,0.198005106,0.2117961609,2.5751224517,0.1301307593,11.083007994999999,3.8431490767,2.7268395019,0.1752457687,0.0564829454,14.798346256,0.9299199585,0.4823079352,0.0593549212,0.113205855,1.3535224481,0.1147719586,0.691610393,0.6677520616,0.1156792334,5.1527284471,1.0788597277,0.0432060867,0.0559819389,9.4456980714,17.4960199179,4.7814047788,38.96289099999999,40.55660384670001,20.4805051533
F_252,WP3-252,20-B-56,21.788427,70.180457,Q420,2020-09-30,Bergsfjord,1734.6488968041,Impact,Bergsfjord,0,45.5,820,NA,45.5,820,0.8705218220977188,8,NA,16,NA,immature_male_berg,immature,male,1,1,1,Jukse,hooks,2,NA,NA,A,A,0,1,CC,0,1,1,0.0482982931,18.7333173955,3.9988099391,0.0488432053,0.9087846976,18.6817339188,8.8571700681,0.9114890046,0.5281554445,6.3197876795,0.6863058138,14.4175358136,10.3474602049,1.1424525733,0.3148375511,0.0704832399,4.6472190309,0.3209718076,0.776954572,0.111487224,0.0672001286,0.5861160715,0.3155870381,0.9933261872,0.2155805207,0.0603490882,2.647438809,0.7034342684,0.083302974900000007,0.2278386503,2.2277287858,6.5610458565,3.3493001966000002,50.0888947915,40.822239921000005,9.0888652874
F_253,WP3-253,20-B-57,21.788427,70.180457,Q420,2020-09-30,Bergsfjord,1734.6488968041,Impact,Bergsfjord,0,48.5,1042,NA,48.5,1042,0.9133610833233808,14,NA,70,NA,immature_male_berg,immature,male,1,1,1,Jukse,hooks,5,5,0,A,A,0,1,CC,0,1,1,0,17.4115282284,6.6807590926,0.0582470897,0.8657492603,17.6365396144,9.5861584083,0.8449623574,0.3337052625,7.258739773,1.2581888003,11.4746073108,9.8172731123,1.9808513279,0.3093553133,0.4059339573,5.2371818361,0.4261305185,0.8821876264,0.0311660368,0.0876638363,0.3406713682,0.2407644927,0.7564321758,0.2843110625,0,3.2092007229,0.4722641473,0.0327683935,0.296167863,1.7804910115,7.507475418,4.4301483796999985,51.03879967620001,38.5782973355,10.3829029883
F_254,WP3-254,20-B-58,21.788427,70.180457,Q420,2020-09-30,Bergsfjord,1734.6488968041,Impact,Bergsfjord,0,34.5,406,NA,34.5,406,0.988709593953286,4,NA,8,NA,immature_male_berg,immature,male,1,1,1,Jukse,hooks,4,NA,NA,A,B,0,1,CC,0,1,1,0,23.4141518063,2.9536855571,0.0409139355,0.6097317635,15.1016340079,5.7447326472,0.5257136217,0.2672838923,5.3850167324,0.4660585722,11.1163865953,6.3251725426,1.9960130448,0.1489167835,0.0462148416,5.0915512761,0.4633085535,0.7566795889,0,0.0830077618,0.3330315862,0.1182119244,2.6788440991,0.2231453943,0.1029875606,6.8323607311,0.3110952343,0.0378269194,0.6831038069,8.1432192197,17.7729087269,5.8217316499,48.24183783299999,29.696226281700003,22.061935885500002
F_260,WP3-260,20-B-64,21.812099,70.172607,Q420,2020-09-30,Bergsfjord,2161.6972165624,Impact,Bergsfjord,0,55,1548,NA,55,1548,0.9304282494365139,38,NA,164,NA,immature_male_berg,immature,male,1,1,1,Jukse,hooks,4,NA,NA,A,A,0,1,CC,0,1,1,0.0392839245,8.0246750393,11.3496576935,0.0552183529,0.8299752999,23.4945202525,8.9835953603,0.4633696082,0.3655131986,5.1248612482,0.5292203677,17.3033944059,6.6328306783,0.7768307516,0.1953439294,0.3926782487,13.3229840128,0.0740944846,0.3327716345,0.0646027703,0.0224452254,0.5956900439,0.0133646833,0.0198802747,0.1602448232,0.0174752925,0.1211160973,0.625825675,0.012912201,0,0.0556244221,0.9669359543,1.7177631591000002,49.60376505829999,48.4142720954,1.9819628464000003
F_291,WP3-291,20-B-95,21.8249,70.1693,Q420,2020-10-04,Bergsfjord,2517.6529879468,Impact,Bergsfjord,0,84,4358,54,84,4358,0.7352742684375337,38,54,118,1,mature_female_berg,mature,female,1,1,1,Teine,traps,7,7,0,A,A,0,1,CC,1,1,1,0,30.5685812209,2.3619430138,0,0.547694318,16.0671989361,3.0059234291,0.4023251669,0.1548747379,6.9822298638,0.280020876,8.7660955612,4.0344022109,0.5319454963,0.3304341053,0.1168271419,4.3314092549,0.1753947373,0.234397218,0,0.041366028,2.0670315266,0.0963277536,3.1947006412,0.2830846476,0,5.4202190265,0.6607814499,0,0.0714561126,9.2733355257,15.3932839147,4.402321173,57.2604066248,23.300539046499996,19.439054328700003
F_292,WP3-292,20-B-96,21.8249,70.1693,Q420,2020-10-04,Bergsfjord,2517.6529879468,Impact,Bergsfjord,0,42,544,NA,42,544,0.7342619587517547,8,NA,10,NA,immature_male_berg,immature,male,1,1,1,Teine,traps,3,NA,NA,A,B,0,1,CC,0,1,1,0.042005027,11.6932190154,13.0135997223,0.0557493274,0.9544249212,22.4070380638,7.4173784189,0.2902660701,0.3360327856,2.6592229534,0.0622827827,11.6938483253,4.7058730633,1.4363416932,0.1725940482,0.0253259171,16.1691740167,0.4376587999,0.2534782234,0,0.0693384079,0.8905494709,0.2360350553,0.1861396403,0.1683055939,0.020462819,0.8274732022,1.5683381964,0.0263724367,0.042659965,2.1388120375,4.681321953199999,2.1653019124999995,51.2528326404,42.8992263872,5.8479409724
F_293,WP3-293,20-B-97,21.855,70.2157,Q420,2020-10-04,Bergsfjord,2968.3354455547,Impact,Bergsfjord,0,80.5,3832,NA,80.5,3832,0.7345779016557955,76,NA,540,NA,mature_male_berg,mature,male,1,1,1,Teine,traps,11,8,3,A,A,0.01,0.99,CC,0,1,1,0.0262732407,6.531211191,9.0371015315,0.0617936166,0.6955248836,20.9873777865,8.228711258,0.2912413203,0.4320682573,3.7490223758,0.0337614877,22.6775235532,4.4543226216,1.4858235318,0.1138003358,0.3966923826,17.1956852797,0.398544991,0.2743475202,0,0.0228651175,0.6351360903,0.0469883534,0.0492175628,0.2600232725,0.0125130744,0.5286750177,0.8659334088,0.0255342823,0,0.4822866553,2.5437735582,2.5145036697000003,41.444065739600006,54.58493557319999,3.9709986871000003
F_294,WP3-294,20-B-98,21.855,70.2157,Q420,2020-10-04,Bergsfjord,2968.3354455547,Impact,Bergsfjord,0,28.5,194,NA,28.5,194,0.8380446345164234,2,NA,8,NA,immature_male_berg,immature,male,1,1,1,Teine,traps,2,NA,NA,A,A,0.08,0.92,CC,0,1,1,0,22.3134143121,2.6881594463,0,0.5729626054,15.1649768341,3.4834289332,0.5863840441,0.2415638852,5.3844407984,0.4323768132,8.3872188039,5.8516530363,1.0969836877,0.1818144349,0.0788623403,3.2008847885,0.4084506965,0.847671719,0.0293963717,0.0997945102,3.0453874828,0.2968072198,3.5735036946,0.3919690218,0.0048901116,7.1544495804,0.5298062322,0.0233440747,0.2156642801,13.7137402409,22.477645008899998,6.112129048299999,46.9264389586,25.1723199753,27.901241066
F_296,WP3-296,20-B-100,21.8285,70.1707,Q420,2020-10-04,Bergsfjord,2377.2464551118,Impact,Bergsfjord,0,61,1914,6,61,1914,0.8432423859265753,62,6,36,1,mature_female_berg,mature,female,1,1,1,Teine,traps,4,NA,NA,A,B,0,1,CC,1,1,1,0,3.5190440135,4.9832160345,0.0357447506,0.4349255527,16.5317142072,5.0993947064,0.19390627,0.2813357329,3.8192926496,0.0935529583,14.8096608522,3.4051218671,2.0777738307,0.1299750424,0.1082452276,11.2434417729,2.1213647725,0.4543070231,0.1055009581,0.0780561331,0.6958905581,0.2863312026,0.4946213965,1.1354673744,0.0653651082,7.6740419937,1.0168940744,0.3436201854,0.2216463189,18.5405474323,28.8003407782,4.6920911707999995,29.782939836200004,36.6810372729,33.5360228908
F_297,WP3-297,20-B-101,21.8426,70.2126,Q420,2020-10-04,Bergsfjord,2464.7908501718,Impact,Bergsfjord,0,33,282,1,33,282,0.7847065698305368,4,1,4,NA,immature_female_berg,immature,female,1,1,1,Teine,traps,2,NA,NA,A,B,0.15,0.85,CC,1,1,1,0,26.0088852259,5.0438140217,0.0167876788,0.8032699126,22.4057487338,4.862841586,0.6337349036,0.3273124175,7.4630959663,0.2110635148,13.5475000209,5.8421468893,0.5747218656,0.1640102305,0.0104494995,5.8944680109,0.1916808832,0.2219746398,0.0397779267,0.0326478756,0.2673665399,0.0684065944,0.5337866981,0.0819856581,0.0633015833,1.220890404,1.1681493683,0,0.0429706049,2.2572107459,4.1642002148,1.4555662367,62.6256385044,32.1376360264,5.2367254691
F_303,WP3-303,20-F-29,21.486224,70.24228,Q420,2020-10-03,Frakkfjord,13764.5482302996,Control,Frakkfjord,0,90,6838,NA,90,6838,0.937997256515775,398,NA,194,NA,mature_male_frakk,mature,male,1,1,1,Garn,gillnet,11,9,3,A,B,0,1,CC,0,1,1,0,4.6489291092,7.2991365447,0.0900783604,0.5955416041,16.6376744289,7.8488353003,0.2281092175,0.4558640577,3.6615933688,0.1094530321,19.3021593084,3.5800499879,2.0973715727,0.1188983902,0.0901017119,16.0401884594,1.0416289452,0.3354658178,0.0155062688,0.0800907507,0.5573960841,0.1046442177,0.4040754165,0.5438555499,0,5.8177296648,0.5496194043,0.0218522366,0.0268789709,7.6972722185,15.743896644600001,3.5728130561,33.2053889322,48.5336439946,18.2609670732
F_37,WP3-37,BO-1,21.66872,70.35988,Q419,2019-10-09,Bergsfjord,19547.1107881474,Control,Outer Bergsfjord,0,83.5,5100,NA,83.5,5100,0.8760134004285166,238,NA,96,NA,mature_male_berg,mature,male,1,1,1,Jukse,hooks,5,NA,NA,A,A,0,1,CC,0,1,1,0,1.6867245601,7.085845934,0.0798825265,0.5388880069,18.2749364466,0.1399859223,0.1870150726,0.3240743102,4.1826050841,0.3622550488,19.3259613807,6.0621452294,2.6018183831,0.1887354357,0.4861898865,3.0096734167,0.6441844812,3.4209490361,0.0812771507,0.1183653403,1.0014444815,0.1813751597,0.6734885428,1.0603378717,0.0345268901,12.8086106904,0.8137616435,0.0297732904,0.0500106495,14.5451581278,30.1869730105,8.3909223509,32.2605545808,31.1191839596,36.6202614595
F_38,WP3-38,BO-2,21.66872,70.35988,Q419,2019-10-09,Bergsfjord,19547.1107881474,Control,Outer Bergsfjord,0,69.5,3011,NA,69.5,3011,0.8969254387908338,87,NA,74,NA,mature_male_berg,mature,male,1,1,1,Jukse,hooks,4,NA,NA,A,A,0,1,CC,0,1,1,0,3.944376308,6.6026992296,0.0848145587,0.5128929955,17.8210097897,0.1793540118,0.2116072828,0.311291474,3.5286426634,0.1742281473,16.4822855771,5.83163955,2.4136584261,0.1718635954,0.0675398865,2.2397701708,0.5016358293,0.4399755228,0.2486301129,0.0934188336,1.4148771527,0.0921721609,0.6893723002,1.0179556179,0.1713183759,11.1997215865,0.9272240007,0.0275277395,0.0598659789,22.5386311214,36.304049273800004,4.7494483266000005,33.2130403532,27.645484643100005,39.14147500360001
F_41,WP3-41,BO-5,21.66872,70.35988,Q419,2019-10-09,Bergsfjord,19547.1107881474,Control,Outer Bergsfjord,0,56,1460,NA,56,1460,0.8313593294460642,24,NA,50,NA,immature_male_berg,immature,male,1,1,1,Jukse,hooks,3,NA,NA,A,A,0,1,CC,0,1,1,0,7.8628685226,8.710287115,0,0.7108491557,19.5663960586,0.2114212017,0.5599849842,0.3086592349,7.2146527944,0.5753761412,12.0313564486,8.0040899541,1.9326028922,0.2604609675,0.5653276498,14.3157518763,0.9273071811,0.4899609318,0,0.092762674,1.0544550362,0.1359190502,0.5696277103,0.4979076244,0.0323159584,6.877042318,0.8325654284,0.0420018132,0.0412559873,5.5767932899,14.563613537599998,4.1901912957,44.9178155564,37.333675321399994,17.7485091222
F_42,WP3-42,BO-6,21.66872,70.35988,Q419,2019-10-09,Bergsfjord,19547.1107881474,Control,Outer Bergsfjord,0,56,1436,NA,56,1436,0.8176931486880467,37,NA,50,NA,immature_male_berg,immature,male,1,1,1,Jukse,hooks,3,NA,NA,A,B,0,1,CC,0,1,1,0,5.7657677196,7.083304829,0.0907585272,0.5030383374,16.0656179147,0.1952867882,0.1594438918,0.3072367889,3.0656586188,0.2741724314,17.1986544764,6.3924509722,2.5888561714,0.1951795611,0.1205246943,2.3896526641,0.8211099891,2.0026246849,0.1694942726,0.1379169632,1.1435740158,0.1115835993,0.8967399278,0.9162399468,0.1077438739,13.0714632057,0.8156040937,0.0123193736,0.100001708,17.2979799589,33.1698846433,6.675221761999999,33.11524901889999,28.807390757900002,38.077360223
F_45,WP3-45,BO-9,21.66872,70.35988,Q419,2019-10-09,Bergsfjord,19547.1107881474,Control,Outer Bergsfjord,0,56,1621,13,56,1621,0.9230366253644315,36,13,61,1,immature_female_berg,immature,female,1,1,1,Jukse,hooks,5,NA,NA,A,A,0,1,CC,1,1,1,0,5.6132124768,10.2468870792,0.0465658117,0.7133703988,15.2757160875,9.036086529,0.4448237115,0.1949794188,6.523824386,1.4409402748,6.131830555,8.9747886503,2.5509905021,0.3563986536,1.4498211477,4.4873698293,0.5998600382,0.6736904323,0.0190866453,0.1015378226,0.3180310705,0.2380256574,0.9933886446,1.0296887211,0.0279743446,16.6676979757,0.2934057765,0.0329775164,0.0788308829,5.4381989598,24.973743977900003,6.832094786800001,39.2212937833,30.923997915899996,29.854708300800002
F_47,WP3-47,BO-11,21.66872,70.35988,Q419,2019-10-09,Bergsfjord,19547.1107881474,Control,Outer Bergsfjord,0,50,1124,NA,50,1124,0.8992,29,NA,30,NA,immature_male_berg,immature,male,1,1,1,Jukse,hooks,3,NA,NA,A,A,0,1,CC,0,1,1,0,6.9929085033,7.0413562449,0,0.8764485191,22.4827257357,0.2397364671,0.7464034255,0.4003990292,7.001189751,0.2895270518,13.9844986886,6.9741918877,1.6155824255,0.1878670131,0.072472553,16.2669645813,0.4963691063,0.4997143711,0.0319548135,0.0550123934,1.0084658305,0.1293070324,0.4801466285,0.3797633395,0.0309655242,4.8087499886,1.0302239708,0.0489913669,0.0388493847,5.789214373,12.3817032042,3.1516830779000005,45.3918195303,40.194007507,14.4141729629
F_48,WP3-48,BO-12,21.66872,70.35988,Q419,2019-10-09,Bergsfjord,19547.1107881474,Control,Outer Bergsfjord,0,61,1897,NA,61,1897,0.835752772258471,67,NA,48,NA,mature_male_berg,mature,male,1,1,1,Jukse,hooks,4,NA,NA,A,B,0,1,CC,0,1,1,0,3.8940341283,6.5510512451,0.064469344,0.5178100902,17.2036204032,0.1572995597,0.2184336218,0.3378509132,3.4341131421,0.0925213996,17.7886524897,4.5958331835,2.0845361949,0.1302284239,0.1079529436,2.8102015323,0.3798170386,1.9559850046,0.1617036988,0.1154197672,1.2389904304,0.1374463457,0.6794734679,1.0277379567,0.0597345344,11.1515299114,0.8452044813,0.0063551423,0.0337626737,22.2182309317,35.6255060574,5.9774604772,32.17072928779999,27.931023333699997,39.8982473783
F_53,WP3-53,BO-17,21.66872,70.35988,Q419,2019-10-09,Bergsfjord,19547.1107881474,Control,Outer Bergsfjord,0,61,1839,8,61,1839,0.8101999726849384,34,8,37,1,mature_female_berg,mature,female,1,1,1,Jukse,hooks,3,NA,NA,A,B,0.26,0.74,CC,1,1,1,0,6.3042281856,9.2890855949,0.0567494208,0.8060761508,18.3662837108,0.2278528411,0.3834683436,0.3572691925,5.1490689052,0.32027349,12.4777896057,5.6597545901,2.3618745177,0.213027427,0.1141200646,3.4197217788,0.6428408944,2.4542720808,0.3404984347,0.0772282421,1.5379961521,0.1621371685,0.998844849,0.9622305617,0.1138736271,10.4474436813,1.3602786512,0.0501584184,0.0759840414,15.2695693781,28.317008787,7.0187287343,40.965610379699996,25.417685722300003,33.616703898000004
F_54,WP3-54,BO-18,21.84219,70.21499,Q419,2019-10-09,Bergsfjord,2710.8390391332,Impact,Bergsfjord,0,55,1443,8,55,1443,0.8673178061607814,45,8,67,1,immature_female_berg,immature,female,1,1,1,Jukse,hooks,3,NA,NA,A,A,0,1,CC,1,1,1,0.0499086297,4.1011621931,7.3315704989,0.0677655482,0.720597105,19.7593816005,0.177549081,0.4385860142,0.3389446445,4.2517594483,0.1424918152,11.883984869,3.9899878562,2.3057731568,0.2128455391,0.0874593606,1.7325984033,0.3317283679,0.3684183957,0.1812760672,0.0887193484,0.6553491745,0.1917737995,0.650844881,1.094974921,0.0881562463,14.0375138555,1.084162722,0.0446961515,0.1075427935,23.4824775125,40.1250811178,4.640886215,37.13524334230001,20.0728341139,42.7919225439
F_55,WP3-55,BO-19,21.79035,70.38511,Q419,2019-10-09,Bergsfjord,21541.9821095951,Control,Outer Bergsfjord,0,45,857,NA,45,857,0.9404663923182441,16,NA,16,NA,immature_male_berg,immature,male,1,1,1,Jukse,hooks,4,NA,NA,A,A,0,1,CC,0,1,1,0,10.3418409653,7.3707925115,0.0827985538,0.8318280179,23.9802922974,0.3207246102,0.6635512497,0.5400383754,6.3108099048,0.2830111171,20.6827737913,9.6528540278,1.8964366384,0.2233281814,0.066338952,3.0818844164,0.9390449253,0.4020263801,0.0838372891,0.0677268377,1.7984014753,0.2544314259,0.6788790773,0.3133866771,0.0681638688,3.5128474188,1.2597667969,0.0281904719,0.0948875514,4.1691061941,9.927709228600001,3.4529850344999997,49.874444285900005,37.7022531642,12.423302549999999
F_57,WP3-57,BO-21,21.77799,70.21667,Q419,2019-10-10,Bergsfjord,3180.765721831,Impact,Bergsfjord,0,98,10100,97,98,10100,1.0731072937296535,737,97,635,1,mature_female_berg,mature,female,1,1,1,Garn,gillnet,8,NA,NA,B,B,0,1,CC,1,1,1,0,4.5402410493,3.5124770557,0.0282662099,0.4292644235,15.7326176582,0.1862603476,0.2209410398,0.4119102262,6.0013654009,0.1405354118,20.1471668371,5.7062234755,2.7861240102,0.1132713916,0.1085155218,10.3862453838,0.3005179281,0.4219131665,0.0662669103,0.0712484226,0.6684392914,0.1996086098,0.7073631394,0.8052012602,0.0168748398,9.6005948826,0.5679487958,0.0294826966,0.0628868902,16.0302277238,28.6794421166,4.929848217299999,30.6333197691,38.242995979099994,31.1236842518
F_58,WP3-58,BO-22,21.77799,70.21667,Q419,2019-10-10,Bergsfjord,3180.765721831,Impact,Bergsfjord,0,97,7300,101,97,7300,0.7998483575168762,230,101,146,1,mature_female_berg,mature,female,1,1,1,Garn,gillnet,9,NA,NA,A,B,0,1,CC,1,1,1,0.0324628744,4.2588954706,3.7849665962,0.0490789882,0.5009336256,12.1955912252,5.0956964947,0.2988318975,0.4576121939,3.1715912418,0.2545876798,19.6604151945,5.2990660683,2.9630941216,0.1321458698,0.0452583484,13.5095003144,1.4811254113,1.112542718,0.0437676674,0.2244050738,1.1739856194,0.4750958033,0.6994104524,0.8994361412,0.0675250964,6.1013719866,0.5688542419,0.0234053403,0.1442774405,15.2750688028,24.9589081548,5.967552195700001,24.4867115649,46.06879679509999,29.4444916402
F_6,WP3-6,BI-6,21.81979,70.19185,Q419,2019-10-08,Bergsfjord,0,Impact,Bergsfjord,1,51.5,1152,6,51.5,1152,0.8433945532598719,42,6,35,1,immature_female_berg,immature,female,1,1,1,Jukse,hooks,3,NA,NA,A,B,0.01,0.99,CC,1,1,1,0,3.1824745105,4.3086108086,0.0314017099,0.5974591032,8.5196856595,5.20063376,0.2159641956,0.2430932173,2.4671569868,1.8466571993,29.0253035713,4.8403243711,11.9949727855,0.1426126464,0.1607125909,7.3810809559,2.8716504329,0.9034212773,0.0760828358,0.3058520733,0.4154512454,0.477284534,0.6070154513,0.9072085713,0.0298040037,5.9100530845,0.1643807367,0.244617545,0.1182576585,6.8107764786,25.311344541100002,15.1238002946,19.539850750100005,49.1483267669,31.3118224831
F_62,WP3-62,BO-26,21.77799,70.21667,Q419,2019-10-10,Bergsfjord,3180.765721831,Impact,Bergsfjord,0,83,4705,57,83,4705,0.8228588617789492,79,57,93,1,mature_female_berg,mature,female,1,1,1,Garn,gillnet,5,NA,NA,B,B,0,1,CC,1,1,1,0.0573224427,3.185049331,10.8024489744,0.1281215032,0.7372431462,15.4161706073,0.181732092,0.1607700266,0.4839716157,1.982873862,0.0994810065,15.1277808082,3.7853371501,2.0731151148,0.1039322683,0.0953457126,4.9067081417,0.5281783361,1.182969504,0.0625864563,0.0705933046,27.8444300856,0.1082625804,0.1841735096,0.4931641035,0.0180963409,2.2386954995,1.2174581483,0.0217665427,0.0372976647,6.6649241204,11.1222949798,4.1211277918,32.5264934557,53.7750205513,13.6984859929
F_69,WP3-69,BO-33,21.80322,70.17718,Q419,2019-10-10,Bergsfjord,1748.6754843767999,Impact,Bergsfjord,0,66.5,2542,NA,66.5,2542,0.864391744242737,72,NA,53,NA,mature_male_berg,mature,male,1,1,1,Garn,gillnet,4,NA,NA,A,A,0,1,CC,0,1,1,0,7.9350945686,8.3787940067,0.0649134024,0.7633554873,22.8303907812,0.230349641,0.2977733981,0.4331492714,5.1773597397,0.1274444105,18.8530794963,6.8203606959,2.1448002739,0.1572704901,0.1242941467,3.535957946,0.5796037739,1.6206316775,0,0.0708607251,1.8034496807,0.1801841026,0.4020778326,0.5660653119,0.0253109617,5.4734560807,1.2371120203,0.0398088822,0.0395562506,10.0874949445,17.9254916523,4.968538849900001,45.565349433399994,33.1058165645,21.328834002199997
F_7,WP3-7,BI-7,21.81979,70.19185,Q419,2019-10-08,Bergsfjord,0,Impact,Bergsfjord,1,78.5,4328,23,78.5,4328,0.8947017398155452,253,23,123,1,mature_female_berg,mature,female,1,1,1,Jukse,hooks,5,NA,NA,A,B,0.22,0.78,CC,1,1,1,0,2.9333253723,4.1238307079,0.0597351647,0.4443464879,14.761564934,0.1936951372,0.2502536832,0.5223090579,4.3220649231,0.2495791943,21.3674759509,5.186415555,2.7667951786,0.1333342352,0.0909987758,10.7493895189,1.1225358016,0.7566936601,0.0898584552,0.138797482,0.6236851475,0.2313076667,1.0791046637,0.792502018,0.0520986895,9.287473978,0.5707325744,0.0207195817,0.124891001,16.9544854038,29.3649532281,5.6456113599,27.110677488300002,39.52301730079999,33.366305211
F_70,WP3-70,FI-2,21.4692993,70.223588,Q419,2019-10-09,Frakkfjord,13675.6392134952,Control,Frakkfjord,0,91,6400,145,91,6400,0.8492895825343597,349,145,151,1,mature_female_frakk,mature,female,1,1,1,Garn,gillnet,12,8,4,A,A,0,1,CC,1,1,1,0,3.9546749139,6.5189568055,0.0872541375,0.5916373533,16.5312099833,0.1972810046,0.2557124363,0.5480752678,3.9390269226,0.1262727329,21.9881906567,6.3277083096,2.6558456617,0.1280655275,0.1940470553,3.7460678582,0.2933714546,0.3201089693,0.0555888276,0.0967172127,1.0781642539,0.1198307071,0.807725428,0.969045232,0.0423112385,9.2428745971,0.6934024268,0.3541431514,0.1108926272,18.0257972473,30.155240840400005,5.3976327104,32.0171840085,34.79241664799999,33.1903993437
F_71,WP3-71,FI-3,21.4692993,70.223588,Q419,2019-10-09,Frakkfjord,13675.6392134952,Control,Frakkfjord,0,77.5,3815,29,77.5,3815,0.8195763821288309,91,29,71,1,mature_female_frakk,mature,female,1,1,1,Garn,gillnet,6,NA,NA,B,B,0,1,CC,1,1,1,0.0464721877,3.8281599548,8.9731108799,0.0822650682,0.3654054371,13.4630617348,6.845782203,0.1657152046,0.3213387943,1.8187899282,0.0448092922,11.2086549478,3.0130227208,2.0498442934,0.0988799188,0.0994892626,17.9519743105,1.057494995,0.3976228959,0.278016967,0.0290551837,1.5338746735,0.1670399573,0.3425872976,0.9608046854,0.129415308,6.1353369158,1.0253255711,0.0244136019,0.0508765982,17.491359211,25.8944569757,3.9038172205000006,29.1670275209,42.0270475814,28.805924897799997
F_72,WP3-72,FI-4,21.4692993,70.223588,Q419,2019-10-09,Frakkfjord,13675.6392134952,Control,Frakkfjord,0,86,5700,58,86,5700,0.8961475090243627,250,58,148,1,mature_female_frakk,mature,female,1,1,1,Garn,gillnet,8,NA,NA,A,A,0,1,CC,1,1,1,0,4.554691805,7.7184131735,0.1044398446,0.6412204194,16.5198220756,0.1970337153,0.2646505862,0.5405286793,3.5048360421,0.1111189334,19.6599861977,5.5280456438,2.4691672033,0.1186549247,0.1116060863,3.7898093775,0.3275117726,0.351268879,0.1195273674,0.0762562219,1.3194204677,0.1629037826,0.5797537551,1.0419988898,0.0753592263,8.6814274468,0.7476082323,0.3848236563,0.1241345996,20.1739809949,31.611614027199998,5.0148746917,33.51717562020001,31.997991091599996,34.4848332882
F_73,WP3-73,FI-5,21.48548,70.2535,Q419,2019-10-16,Frakkfjord,14341.0289628615,Control,Frakkfjord,0,64.5,2710,9,64.5,2710,1.009927381190289,62,9,86,1,mature_female_frakk,mature,female,1,1,1,Jukse,hooks,4,NA,NA,A,A,0,1,CC,1,1,1,0,4.219941402,4.402987678,0.0805026153,0.6762984617,18.1678096756,0.3871702023,0.5140474753,0.5381126466,5.848465314,0.3851750796,15.0990529224,6.1017629704,1.5550063159,0.1685520806,0.1005235919,9.4197895875,1.0315869706,0.5412709472,0.0635908595,0.1023792898,0.7515193532,0.2388713878,1.4132922614,0.7892309343,0.0612637604,9.6746059701,0.9952325366,0.3036706746,0.286829232,16.0814578033,27.8367707091,4.805374015100001,34.12295670710001,33.7583179139,32.118725378899995
F_74,WP3-74,FI-6,21.48548,70.2535,Q419,2019-10-16,Frakkfjord,14341.0289628615,Control,Frakkfjord,0,67,2790,58,67,2790,0.9276407004850996,35,58,145,1,mature_female_frakk,mature,female,1,1,1,Jukse,hooks,8,NA,NA,A,B,0,1,CC,1,1,1,0,11.8032333291,5.0069592794,0.0405538391,0.851295673,25.6338722007,6.3020857853,0.5893367337,0.4860812972,6.7741397309,0.2709784495,15.5545400505,6.1161853558,1.3040362472,0.1883722326,0.1255768176,6.7156685914,0.5292727742,0.6592003434,0.0290066521,0.0390401068,0.7127801466,0.1370923615,0.6825552167,0.336042951,0.01377462,3.7489732761,0.7272411329,0,0.1444164175,4.4776883882,9.812206690499998,3.1464516827,50.8899904515,36.9261146483,12.183894900199999
F_79,WP3-79,FO-5,21.455268,70.236042,Q419,2019-10-09,Frakkfjord,14590.4709763448,Control,Frakkfjord,0,71,2720,NA,71,2720,0.7599654662751354,67,NA,43,NA,mature_male_frakk,mature,male,1,1,1,Garn,gillnet,6,NA,NA,A,A,0,1,CC,0,1,1,0,23.6469564012,2.5163865795,0,0.447384788,13.3753773832,3.3500406653,0.2844662204,0.2288678022,4.1520449982,0,7.8904574605,3.9155031422,0.4524146095,0.1672872694,0,4.2854766923,0.3560621726,0.2971033836,0,0.0617667213,0.5625628585,0.1254908568,2.2854506797,0.360230648,0.6928806354,6.0275902303,9.1709084697,0.0330815655,0.1336336812,15.1805740854,21.9197034632,3.4900476075999998,45.2827842753,29.4038170907,25.3133986339
F_80,WP3-80,FO-6,21.455268,70.236042,Q419,2019-10-09,Frakkfjord,14590.4709763448,Control,Frakkfjord,0,70,3391,16,70,3391,0.9886297376093295,129,16,92,1,mature_female_frakk,mature,female,1,1,1,Garn,gillnet,4,NA,NA,A,A,0,1,CC,1,1,1,0,3.9769815725,4.3966004115,0.0524091341,0.4648245591,15.7628069125,0.1725084079,0.2721780396,0.4866456128,5.1526526697,0.139088181,17.5932009429,4.4627895831,1.6365485924,0.1399408445,0.0992540468,12.9265848031,0.3794177149,0.3880687159,0.0686182357,0.063501415,0.9126962662,0.1494130359,0.9744314509,0.694827315,0.0727420333,8.6707746456,0.8661725687,0.0266742365,0.1091591227,18.8884889303,29.454384326899998,3.8833057725000004,30.3073452784,37.6120954998,32.0805592219
F_81,WP3-81,FO-7,21.455268,70.236042,Q419,2019-10-09,Frakkfjord,14590.4709763448,Control,Frakkfjord,0,70,3311,NA,70,3311,0.9653061224489796,173,NA,66,NA,mature_male_frakk,mature,male,1,1,1,Garn,gillnet,4,NA,NA,A,A,0,1,CC,0,1,1,0,2.9662501295,4.659078465,0.0539518305,0.4704924688,13.9045552929,6.260518374,0.1693113011,0.426392968,4.0481848497,0.1489599488,16.2586335955,4.6623395722,1.6730492688,0.1477551018,0.0798830707,15.1442937404,0.8720378053,0.3565841045,0.0686454455,0.0494815096,1.0184851454,0.163867652,0.794506621,0.80491312,0.0466782512,8.5416326152,0.8747454491,0.3629536977,0.2036995178,14.7681190878,25.3503681416,4.1213713923,26.4809513055,44.848320623899994,28.670728070400003
F_82,WP3-82,FO-8,21.455268,70.236042,Q419,2019-10-09,Frakkfjord,14590.4709763448,Control,Frakkfjord,0,63,2471,NA,63,2471,0.9882142157274433,95,NA,42,NA,mature_male_frakk,mature,male,1,1,1,Garn,gillnet,6,NA,NA,A,A,0,1,CC,0,1,1,0.0664546401,4.5274175636,3.403022088,0.0865055103,0.6336767273,15.9573402226,7.6918627004,0.4444243088,0.7519050751,5.2616305913,0.4036544564,17.8201546112,6.7817368675,1.3674508622,0.1458815102,0.0308596834,6.7720710559,0.7658136521,0.5108961397,0.0589539266,0.0891785773,0.4562850458,0.1793951091,1.9527892675,0.6516629326,0.0081028389,9.1776427482,0.7786949891,0.0341679686,0.31624183300000003,12.874126497,23.9148570495,4.6370054313,30.506904417399998,41.54287031170001,27.9502252707
F_83,WP3-83,FO-9,21.455268,70.236042,Q419,2019-10-09,Frakkfjord,14590.4709763448,Control,Frakkfjord,0,57,1666,NA,57,1666,0.8996020367940473,22,NA,32,NA,immature_male_frakk,immature,male,1,1,1,Garn,gillnet,5,NA,NA,A,A,0,1,CC,0,1,1,0,17.2113245356,2.9363088,0.0195909395,0.5422842667,15.8478958035,0.1947717299,0.3428715235,0.31499294,4.8499641762,0.1413387653,10.3360957294,4.7559514751,0.9873603815,0.1562966044,0.0357442814,5.2023699366,0.2964786874,0.4351464253,0.1018836708,0.0478287357,0.518744979,0.1483666551,2.9493129818,0.3683792637,0.4902100445,7.7027635091,0.944635945,0.0254774192,0.1210058143,21.9746039803,30.9341003403,4.849249488599999,42.47903942520001,22.4284924398,35.0924681348
F_86,WP3-86,FO-12,21.47586,70.26548,Q419,2019-10-17,Frakkfjord,15326.6942523406,Control,Frakkfjord,0,70,2590,NA,70,2590,0.7551020408163265,56,NA,64,NA,mature_male_frakk,mature,male,1,1,1,Garn,gillnet,4,NA,NA,A,A,0,1,CC,0,1,1,0,4.2180762133,7.560717013,0.0621929377,0.5410661481,12.0263460158,6.0312102986,0.1149207181,0.2557058142,1.8128442744,0.0809991711,9.4221128816,2.5143155301,2.2867667043,0.097914953,0.082908909,17.478532341,2.2543677614,3.379164358,0.2649558166,0.0518200397,1.1020233209999999,0.1831821143,0.3728982176,1.4204579908,0.0840030932,7.6292283612,1.1140851956,0.3153412803,0.235391622,17.0064509048,27.3410197066,7.909357499700001,26.720844245499997,38.06117749089999,35.2179782634
F_9,WP3-9,BI-9,21.81979,70.19185,Q419,2019-10-08,Bergsfjord,0,Impact,Bergsfjord,1,82.5,5900,30,82.5,5900,1.0507276622979103,386,30,135,1,mature_female_berg,mature,female,1,1,1,Jukse,hooks,5,NA,NA,A,A,0,1,CC,1,1,1,0,3.1399420209,2.6066017199,0.0238517657,0.4745472354,11.8549324413,4.264490229,0.2599270484,0.435650237,3.8514170535,1.9318858102,29.675236675,5.6084528982,8.0532424966,0.1734607232,0.0757854789,4.6745390941,2.2429810369,2.8732027162,0.072892588,0.1637993138,0.3660893486,0.4018706767,1.0638391133,0.1209108768,0.0123557532,7.1034718327,0.3177378526,0.0307349022,0.1731408221,7.9530102397,23.6847360678,12.3815148978,22.446076583800004,47.2979339104,30.255989505899997
F_93,WP3-93,FO-19,21.47586,70.26548,Q419,2019-10-17,Frakkfjord,15326.6942523406,Control,Frakkfjord,0,77.5,4500,43,77.5,4500,0.9667349199422645,136,43,81,1,mature_female_frakk,mature,female,1,1,1,Garn,gillnet,5,NA,NA,A,B,0,1,CC,1,1,1,0,3.5388599195,6.176360164,0.0722395796,0.5369343915,13.2075816065,6.3955862817,0.2075805714,0.5289439475,2.7435730599,0.0933360209,15.4855507948,4.1542516122,1.9089627849,0.0903635774,0.0914627285,14.5862237154,0.8849845225,0.3392187818,0.1238071722,0.0891194601,0.8936287581,0.0757923359,0.6041449741,0.8262302164,0.0498692533,7.9318513046,0.6692284,0.3484393252,0.1830098761,17.1628648639,27.2624811654,4.207578271,26.674929715700003,42.878989110199996,30.446081174
F_97,WP3-97,FO-23,21.47586,70.26548,Q419,2019-10-17,Frakkfjord,15326.6942523406,Control,Frakkfjord,0,75,2560,NA,75,2560,0.6068148148148148,36,NA,69,NA,mature_male_frakk,mature,male,1,1,1,Garn,gillnet,5,NA,NA,A,A,0,1,CC,0,1,1,0,8.2316621576,5.7139100402,0.0413052405,0.7291407674,17.2242151134,7.1777486747,0.5500381435,0.3831606307,6.2303428654,0.1646068798,13.8259932674,5.5676397325,1.5240088602,0.1405024998,0.0741462806,13.1822596903,0.5762109911,0.897650194,0.0549247857,0.0509668115,0.8931195868,0.1248396444,0.814290213,0.397989686,0.065678074,5.260106205,0.9102877641,0.1509919102,0.2240841661,8.8181791242,15.951217999899999,3.9100439555,38.940414446999995,42.14612146679999,18.9134640863
