ID,fisk_id1,fisk_id2,Longitude,Latitude,Season,Date,Fjord,Distance_farm,Treatment,Treatment_2,Farm,Length_cm,Weight_g,Gonade_g,Length,Weight,Liver,Gonad,Stomach,Ovarie,Code_sex_maturity,Maturity,Sex,nitrogen,dorsal fin,otolitt,redskap_Norw,Sampling_gear,Age,Age_first_spawn,Spawning_zones,pan1,pan2,NEAC,CC,Genotype,FA_G,FA_M,FA_L,Lauric,Tridecanoic,Myristic,Myristoleic,Pentadecanoic,Palmitic,Palmitoleic,Heptadecanoic,cis_10_Heptadecenoic,Stearic,Elaidic,Oleic,Vaccenic,Linoleic,Arachidic,g_Linolenic_Acid,cis_11_Eicosenoic,Linolenic,Eicosadienoic,Behenic,Eicosatrienoic_3n6,Erucic,Eicosatrienoic_3n3,Arachidonic,Docosadienoic,Lignoceric,Eicosapentaenoic,Nervonic,Docosatetraenoic,Docosapentaenoic,Docosahexaenoic
F_106,WP3-106,FO-32,21.47586,70.26548,Q419,17/10/2019,Frakkfjord,15326.6942523406,Control,Control,0,66,2200,,66,2200,46,NA,41,NA,mature_male_frakk,mature,male,1,1,1,Garn,gillnet,4,NA,NA,A,A,0.00,1.00,CC,0,1,1,0,4.7420101738,6.1519124823,0.0729304407,0.5089407887,12.1256806728,7.6087430507,0.1690297403,0.2462757666,2.592073217,0.2085452499,10.4565440611,3.7110854372,1.9777908564,0.1129527115,0.1163850966,16.0806204644,0.8096055392,0.374967381,0.260513928,0.0753130825,1.1655792335,0.1400960457,0.5464203452,1.0705099456,0.2141570612,8.634369666,1.0235596346,0.0245591248,0.0683944153,18.7104343877
F_110,WP3-110,OO-02,21.40759,70.15301,Q419,14/10/2019,Olderfjord,16153.4178882379,Control,Control,0,50.5,1143,,50.5,1143,29,NA,67,NA,immature_male_older,immature,male,1,1,1,Jukse,hooks,3,NA,NA,B,B,0.05,0.95,CC,0,1,1,0,4.2937150429,3.0831391168,0.0528162253,0.4048391288,13.4085950062,5.6140117565,0.3223232921,0.4251862778,3.8568712122,0.1744066031,18.4983441991,6.7693923378,1.6332525704,0.1345795057,0.0365779581,13.3550591028,0.8147495978,0.6047748616,0.1155677738,0.0658381664,0.7977042962,0.2843633049,0.9359319879,0.6498365184,0.0682902391,8.3769462063,0.6892814482,0.0271318693,0.069823593,14.4366508017
F_114,WP3-114,OO-06,21.40759,70.15301,Q419,15/10/2019,Olderfjord,16153.4178882379,Control,Control,0,76,3820,59,76,3820,412,59,55,1,mature_female_older,mature,female,1,1,1,Garn,gillnet,5,NA,NA,A,A,0.00,1.00,CC,1,1,1,0,3.5011115975,2.4326738899,0.0344605828,0.2622713965,9.3663564681,3.9386763552,0.1491639689,0.2629081306,2.0207683718,0.0578183653,36.119057334,4.1199424102,12.1140017628,0.0845018293,0.0834301724,6.7291788447,4.5558544162,0.4214289107,0.023628258,0.0471088996,0.4456264538,0.1416004757,0.2832544738,0.5391641976,0.0201557874,5.3276343825,0.1855274743,0.0182347117,0.0731900139,6.6412700648
F_117,WP3-117,OO-09,21.40759,70.15199,Q419,15/10/2019,Olderfjord,16184.5486694326,Control,Control,0,52,1078,,52,1078,22,NA,25,NA,immature_male_older,immature,male,1,1,1,Jukse,hooks,3,NA,NA,A,A,0.01,0.99,CC,0,1,1,0.0646906788,5.8316428986,6.6906053004,0.0869579717,0.7811118222,18.5206468013,8.7706566156,0.4327818058,0.4576083044,3.8348155926,0.2807584257,14.8446720847,7.114657725,1.4852806913,0.138430098,0.0593259576,14.0357185327,0.5286704592,0.3706833009,0.0648738998,0.060833727,0.7235054987,0.141589753,0.6403675149,0.1107779946,0.0347566697,5.4207880407,0.9844924517,0.030875138,0.1700265257,7.2873977195
F_120,WP3-120,OO-12,21.40759,70.15199,Q419,15/10/2019,Olderfjord,16184.5486694326,Control,Control,0,69,2500,29,69,2500,110,29,45,1,mature_female_older,mature,female,1,1,1,Jukse,hooks,4,NA,NA,A,B,0.00,1.00,CC,1,1,1,0.0301708622,3.9960756076,8.5143215838,0.083729852,0.606288921,14.5156896009,7.5491152598,0.1784217749,0.3719967986,2.4865375911,0.0269329807,14.0749715794,3.349354028,2.0927525719,0.0972993851,0.0956181501,21.8589144622,1.2318625736,0.2747260965,0.0536676865,0.0162638794,1.3092420657,0.1362719257,0.2349950102,0.8462951754,0.0061334438,5.9394921364,0.9706580345,0.0166066213,0.0196338256,9.0159605159
F_127,WP3-127,OO-19,21.40759,70.15199,Q419,15/10/2019,Olderfjord,16184.5486694326,Control,Control,0,57,1350,3,57,1350,15,3,58,1,immature_female_older,immature,female,1,1,1,Jukse,hooks,4,NA,NA,A,A,0.00,1.00,CC,1,1,1,0,5.7913671806,4.4843537038,0.076614626,0.5146302549,13.8467122205,8.9422231176,0.3644926561,0.2763504176,3.9024011687,0.2250484856,14.1071671751,5.9197299045,2.1098324104,0.1095478847,0.1281750637,11.0857686245,0.7211718845,0.4670451317,0.0882784869,0.0789453513,0.6854540446,0.153754657,1.0880494069,0.6600633702,0.1528229726,10.3642807317,0.4617155461,0.0252846219,0.1419663028,13.0267525978
F_132,WP3-132,OO-24,21.40759,70.15301,Q419,16/10/2019,Olderfjord,16153.4178882379,Control,Control,0,80.5,4050,24,80.5,4050,112,24,118,1,mature_female_older,mature,female,1,1,1,Garn,gillnet,6,NA,NA,A,B,0.00,1.00,CC,1,1,1,0,4.6617494979,8.9602127377,0.0919534177,0.3583293757,14.4635530343,6.7812107604,0.1599120474,0.4349331563,2.0808604025,0.0656002872,13.9642294958,3.208646672,2.0514506272,0.1036535157,0.0879330457,18.8100119737,0.8813402713,0.3090985349,0.121402911,0.0923459153,1.2991251458,0.1186120435,0.3273925648,0.8371602304,0.0104917815,5.6583857663,0.8217899971,0.0116173346,0.0471150706,13.1798823858
F_134,WP3-134,OO-26,21.40759,70.15301,Q419,16/10/2019,Olderfjord,16153.4178882379,Control,Control,0,71.5,4080,23,71.5,4080,186,23,625,1,mature_female_older,mature,female,1,1,1,Garn,gillnet,5,NA,NA,B,B,0.00,1.00,CC,1,1,1,0,4.6492794252,6.8583503561,0.0790798946,0.3161080568,16.5747907014,6.9102859558,0.1890776655,0.4022226614,3.0713000164,0.067665789,18.328786152,3.669361103,2.0056431305,0.1109920083,0.0834980497,15.8957237288,0.9512705498,0.3448275002,0.035989862,0.0628189962,1.0107506195,0.1137804718,0.3067222512,0.6752477182,0.0188600704,5.9234886501,0.6857363818,0,0.0171363361,10.6412058981
F_135,WP3-135,OO-27,21.40759,70.15301,Q419,16/10/2019,Olderfjord,16153.4178882379,Control,Control,0,81,4680,47,81,4680,349,47,181,1,mature_female_older,mature,female,1,1,1,Garn,gillnet,5,NA,NA,B,B,1.00,0.00,NEAC,1,1,1,0.0303137286,4.7174533321,6.8583931415,0.0803415954,0.5633630827,14.0868655412,6.7424995014,0.1699512744,0.4089540804,2.5573986481,0.0336504854,16.1353738228,3.1350748596,2.2105993274,0.1139089224,0.1087580437,16.811058876,1.5776206442,0.376155912,0.0574678902,0.0195792978,0.6638121699,0.1532538514,0.3266341751,0.944246241,0.006395283,8.1324291649,0.5581710995,0.0145848536,0.0223792785,12.3833118758
F_136,WP3-136,OO-28,21.40759,70.15301,Q419,16/10/2019,Olderfjord,16153.4178882379,Control,Control,0,81.5,5150,36,81.5,5150,440,36,94,1,mature_female_older,mature,female,1,1,1,Garn,gillnet,5,NA,NA,A,A,0.00,1.00,CC,1,1,1,0,2.8120784706,4.9411007649,0.0657249827,0.3972905051,12.6904981479,6.4039413198,0.2271383564,0.3352207218,3.982103955,0.2572613861,16.1520692108,4.6744520621,1.9520464773,0.1572736504,0.1320182677,14.0580382711,0.8186333037,0.3781693653,0.082846738,0.105378762,0.8035417627,0.1563027438,0.9297211985,0.8777432499,0.0133558445,10.7308779143,0.4466519383,0.4306109195,0.1349842001,14.8529255097
F_14,WP3-14,BI-14,21.81979,70.19185,Q419,08/10/2019,Bergsfjord,0,Impact,Impact,1,82,4900,35,82,4900,245,35,115,1,mature_female_berg,mature,female,1,1,1,Jukse,hooks,6,NA,NA,A,B,0.84,0.16,NEAC,1,1,1,0,2.8340064026,1.8792362111,0.2639061573,0.2886635798,11.444063963,0.1416566387,0.2354404485,0.387530628,3.5826589261,0.1387014796,32.5673876653,5.3635105783,9.7410050702,0.1025209124,0.1185168462,4.4938822679,3.2534810208,0.7869238133,0.048919653,0.0991783758,0.3400298661,0.1838669238,0.9443188081,0.6210875229,0.0193430821,8.2816612233,0.3256516243,0.0164295531,0.1078882141,11.3885325443
F_140,WP3-140,OO-32,21.40759,70.15301,Q419,16/10/2019,Olderfjord,16153.4178882379,Control,Control,0,59.5,1880,,59.5,1880,49,NA,45,NA,immature_male_older,immature,male,1,1,1,Garn,gillnet,6,NA,NA,A,A,0.00,1.00,CC,0,1,1,0,3.8933331714,5.70516591,0.0925130175,0.517377168,12.6474701595,10.0046701943,0.3181623998,0.3371411172,3.5522189023,0.3606442253,14.6992784924,6.9374573314,2.0047813547,0.1455615424,0.1102606809,10.9726115957,0.8159990268,0.5530165436,0.1064693224,0.0840734163,1.000571226,0.1767425816,0.820645075,0.9069608962,0.0652206629,11.9394151757,0.4622195973,0.0258720308,0.1851175393,10.5590296435
F_144,WP3-144,20-F-01,21.44,70.22,Q220,08/04/2020,Frakkfjord,14655.9582571351,Control,Control,0,91,6930,1175,91,6930,339,1175,107,1,mature_female_frakk,mature,female,1,1,0,Garn,gillnet,NA,NA,NA,A,B,0.99,0.01,NEAC,1,1,1,0.0224160485,5.2812348771,5.9841847132,0,0.5509605894,15.9681543894,6.9675452612,0.2117696267,0.3146711499,3.1550954474,0.0891584215,16.0021622648,4.9032971439,1.6952006378,0.0956274433,0.0761518328,18.5943588153,0.8628066522,0.3147464614,0.035772132,0.0570525026,1.0072797922,0.1307584635,0.3129349815,0.5638074862,0.0218450858,5.2598571525,0.642641507,0.0194428587,0.0217612086,10.8373050539
F_145,WP3-145,20-F-02,21.44,70.22,Q220,08/04/2020,Frakkfjord,14655.9582571351,Control,Control,0,96,7100,,96,7100,508,NA,93,NA,mature_male_frakk,mature,male,1,1,1,Garn,gillnet,9,NA,NA,B,B,1.00,0.00,NEAC,0,1,1,0.0319857081,5.3053162838,8.1007693866,0.0982774416,0.6183521171,18.7211368361,10.5889089543,0.2057615316,0.2956710362,4.0501341641,0.077511719,19.2479103342,5.5249543959,1.6534858486,0.1269559036,0.0372696121,20.1812096498,0.3494363781,0.2333252957,0.0207965009,0.0361209914,1.2607585797,0.1198167306,0.071902708,0.134129984,0.0136505222,1.0053496763,0.8488876754,0.0191864809,0.0054269694,1.0156005847
F_146,WP3-146,20-F-03,21.44,70.22,Q220,08/04/2020,Frakkfjord,14655.9582571351,Control,Control,0,76.5,3770,,76.5,3770,162,NA,45,NA,mature_male_frakk,mature,male,1,1,1,Garn,gillnet,NA,NA,NA,A,B,0.97,0.03,NEAC,0,1,1,0.1051007477,4.3524431135,5.8829309386,0.1053257975,0.4420774219,12.6375326543,11.1626525212,0.1547459768,0.2349404447,3.0377781878,0.0873358695,16.256829048,5.6227384723,2.3655189223,0.0896130064,0.1298879621,15.8845283909,0.6410401641,0.3742072988,0.0498001614,0.0786249708,0.8923167671,0.0990600468,0.3870164265,0.6571522098,0.0349522459,7.224266976,0.3662008664,0,0.0248144273,10.6185679633
F_147,WP3-147,20-F-04,21.44,70.22,Q220,08/04/2020,Frakkfjord,14655.9582571351,Control,Control,0,92.5,8800,596,92.5,8800,402,596,248,1,mature_female_frakk,mature,female,1,1,1,Garn,gillnet,10,5,5,A,A,0.00,1.00,CC,1,1,1,0,6.3617824073,5.7398309365,0.0664372354,0.6031438854,21.7351093547,7.8037158152,0.3058400009,0.5685668605,4.4306625761,0.1959252667,26.0501535788,7.1668320246,1.0747524605,0.1834263693,0.0611793408,12.9734836103,0.2188987821,0.6304117356,0.2480081972,0.0316123085,0.8867442659,0.0596112827,0.1757945108,0.1374889989,0.0170195474,0.6026669415,0.7615472247,0.0129553218,0.0268239158,0.8695752441
F_148,WP3-148,20-F-05,21.44,70.22,Q220,08/04/2020,Frakkfjord,14655.9582571351,Control,Control,0,87.5,7530,1257,87.5,7530,309,1257,168,1,mature_female_frakk,mature,female,1,1,1,Garn,gillnet,9,NA,NA,A,B,0.99,0.01,NEAC,1,1,1,0,5.3035289701,5.6390492347,0.0906696618,0.5078900518,14.780490306,11.9898890955,0.1861157573,0.3125845532,2.9817451256,0.1320693262,17.709284471,7.2112044584,2.1058055916,0.0978733636,0.0767290414,17.1574959806,0.4391393101,0.3625489834,0.0106874634,0.0633581107,1.3409589443,0.0926286863,0.3169248481,0.3666992879,0.0104550395,4.1231819436,0.6055394746,0.0243208927,0.0462560864,5.9148759403
F_150,WP3-150,20-F-07,21.44,70.22,Q220,08/04/2020,Frakkfjord,14655.9582571351,Control,Control,0,104,10660,,104,10660,614,NA,148,NA,mature_male_frakk,mature,male,1,1,0,Garn,gillnet,NA,NA,NA,B,B,1.00,0.00,NEAC,0,1,1,0,4.394280224,6.3538922766,0.103101499,0.4472246594,12.7146221662,11.5715116737,0.1192914359,0.2442049204,2.9491451748,0.106309009,16.5565100109,4.5721993425,2.4435989747,0.0834212838,0.1236434021,20.5540520874,0.8413709202,0.3240342226,0.0246518137,0.0773681369,1.1395858237,0.0916231972,0.2350561861,0.5450937924,0.0115812841,5.2434419134,0.589972314,0.0193240369,0.0130570883,7.5068311302
F_151,WP3-151,20-F-08,21.44,70.22,Q220,08/04/2020,Frakkfjord,14655.9582571351,Control,Control,0,88.5,7110,763,88.5,7110,583,763,76,1,mature_female_frakk,mature,female,1,1,1,Garn,gillnet,7,NA,NA,B,B,1.00,0.00,NEAC,1,1,1,0.0733890687,5.2551830507,6.8431918846,0.123378992,0.5528878949,16.1382537053,15.5436094585,0.1783534759,0.2815836316,3.1182312198,0.1108668358,19.7331087,7.5780631257,1.8243613716,0.0726710664,0.0639015602,17.6135652794,0.2788735063,0.2507909914,0.0201656399,0.0337551511,0.8504527447,0.0743989736,0.0546674171,0.1232545222,1.0364565241,1.0255436501,0.3989016376,0.0293237774,0.0067578007,0.7120573428
F_152,WP3-152,20-F-09,21.44,70.22,Q220,08/04/2020,Frakkfjord,14655.9582571351,Control,Control,0,90,7580,,90,7580,343,NA,167,NA,mature_male_frakk,mature,male,1,1,1,Garn,gillnet,10,NA,NA,B,B,1.00,0.00,NEAC,0,1,1,0.0346032525,6.067005157,6.8893512704,0.0978726509,0.2967319239,16.3326884814,11.9170039788,0.2055119737,0.3356252854,4.3219284959,0.1185456565,20.9026486137,6.4802817456,1.9324195398,0.0969503521,0.0365843426,18.3462568688,0.4192389609,0.2979642938,0.0235248298,0.0456731871,0.9880320544,0.081016306,0.0975233612,0.1297410588,0.0080894693,1.4898527502,0.4668853085,0.0225377649,0.0073497142,1.510561352
F_156,WP3-156,20-F-13,21.44,70.22,Q220,08/04/2020,Frakkfjord,14655.9582571351,Control,Control,0,45,775,,45,775,27,NA,24,NA,immature_male_frakk,immature,male,1,1,1,Garn,gillnet,3,NA,NA,A,B,0.99,0.01,NEAC,0,1,1,0.055141445,4.6367421632,3.3779589178,0.059103647,0.475171349,21.1188700101,6.2545664023,0.3840023578,0.6002231022,6.9853220718,0.1959793008,25.3206042681,6.2428152222,1.204649186,0.200976311,0.0345144863,0.3616303284,0.4478308192,0.4300094064,0.4525235389,0.0586200579,0.5259624043,0.1192013141,1.0243126916,0.0678508405,0.0318592287,5.8290980206,0.6627773119,0.0133051139,0.0926487575,12.7357299255
F_158,WP3-158,20-F-15,21.44,70.22,Q220,08/04/2020,Frakkfjord,14655.9582571351,Control,Control,0,88.5,8600,,88.5,8600,553,NA,92,NA,mature_male_frakk,mature,male,1,1,1,Garn,gillnet,8,NA,NA,A,B,0.98,0.02,NEAC,0,1,1,0.0668642962,5.386619683,8.46958358,0.0869694258,0.7604595545,21.3337220615,7.8281295949,0.3245026118,0.4990853935,4.8261543829,0.1121881951,21.4082443619,4.6004525115,1.3914976019,0.1687949746,0.050816087,18.1587497297,0.4451088807,0.1621941138,0.0302491019,0.0286240096,0.7700486302,0.0617696727,0.07333483,0.1544995077,0.0210031551,0.972310449,0.7692597553,0.0211019146,0,1.0176619334
F_159,WP3-159,20-F-16,21.44,70.22,Q220,08/04/2020,Frakkfjord,14655.9582571351,Control,Control,0,92,7260,,92,7260,301,NA,141,NA,mature_male_frakk,mature,male,1,1,1,Garn,gillnet,9,NA,NA,B,B,1.00,0.00,NEAC,0,1,1,0,3.615871593,4.459479031,0.0705281266,0.4096481515,13.172657011,8.447256264,0.1833061688,0.3024008395,3.8404694392,0.082278846,19.0335546871,5.8200565904,2.3382720329,0.0827044785,0.120175204,11.007502313,0.7259729912,0.3730759753,0.0997957061,0.0776935731,0.6208105284,0.1143190011,0.5174146991,0.730107272,0.032202028,8.6272625802,0.414764166,0.0093753318,0.022914037,14.6481313344
F_187,WP3-187,20-F-19,21.44,70.22,Q220,16/04/2020,Frakkfjord,14655.9582571351,Control,Control,0,75,3500,14,75,3500,245,14,64,1,mature_female_frakk,mature,female,1,1,1,Garn,gillnet,7,NA,NA,A,A,0.00,1.00,CC,1,1,1,0.1315929512,5.1712420034,6.512839501,0.0940775242,0.5292563745,14.1603059296,6.2263970285,0.1849500426,0.4042350255,2.7237722246,0.1586818867,18.3764931605,3.1231647778,2.3995768642,0.1288877297,0.1164049862,13.5525828882,1.3410642916,0.270582789,0.2380767541,0.0875297357,0.5222145312,0.1153904511,0.4628017898,0.8088137492,0.0288292393,8.1929941461,0.501164502,0.0185390788,0,13.4175380436
F_189,WP3-189,20-F-21,21.44,70.22,Q220,16/04/2020,Frakkfjord,14655.9582571351,Control,Control,0,97,8500,,97,8500,693,NA,85,NA,mature_male_frakk,mature,male,1,1,1,Garn,gillnet,10,NA,NA,B,B,1.00,0.00,NEAC,0,1,1,0.0745990948,3.9782957711,5.3590022211,0.1253061113,0.4049151767,11.0219026333,11.8086315326,0.1175922092,0.2350307114,2.5254924215,0.0735812851,13.9568769889,4.6828256643,2.7099812393,0.0959270186,0.1708944613,14.4612002633,1.0152791061,0.3299322187,0.0575147366,0.0722130412,0.7580673868,0.1089872691,0.3464628308,0.803667262,0.0340336356,11.2192422237,0.2767771296,0,0.0224659798,13.1533023763
F_19,WP3-19,BI-19,21.81979,70.19185,Q419,10/10/2019,Bergsfjord,0,Impact,Impact,1,105,9600,173,105,9600,761,173,153,1,mature_female_berg,mature,female,1,1,1,Jukse,hooks,10,NA,NA,A,A,0.00,1.00,CC,1,1,1,0,4.4639513381,5.2289240301,0.0784198852,0.497596441,15.8092514812,0.1494135981,0.1039115889,0.5108648523,2.9831760149,0.1233869658,22.3570874774,5.1629247873,2.3859128721,0.1294256914,0.1099744269,2.902750839,0.3071334586,2.1915178815,0.0746237868,0.0726695458,0.9770478242,0.1371221302,0.5364660035,0.947573533,0.0277726871,9.8516538517,0.6722982738,0.0196129743,0.0368884718,21.1506472879
F_190,WP3-190,20-F-22,21.44,70.22,Q220,16/04/2020,Frakkfjord,14655.9582571351,Control,Control,0,49.5,950,0,49.5,950,37,0,21,NA,immature_female_frakk,immature,female,1,1,1,Garn,gillnet,3,NA,NA,A,B,1.00,0.00,NEAC,0,1,1,0.0741109373,6.5021906207,8.4000939044,0.0773505151,0.7089751741,18.7123653666,7.0137064027,0.3105720007,0.3886521998,4.0694784745,0.0907297736,15.6543010225,3.6998794624,1.8602449983,0.152041592,0.0801242989,16.7493586455,0.9029276424,0.3004309964,0.0221800713,0.0600416338,0.6347108708,0.128329868,0.382681699,0.4464951022,0.000857202,4.2210993023,0.6870596532,0.0246273914,0.0304013047,7.6139818734
F_191,WP3-191,20-F-23,21.44,70.22,Q220,16/04/2020,Frakkfjord,14655.9582571351,Control,Control,0,66,2500,,66,2500,98,NA,41,NA,mature_male_frakk,mature,male,1,1,1,Garn,gillnet,8,7,1,A,B,0.49,0.51,mix,0,1,1,0.1031009285,6.4611130473,11.2959426962,0.0943297587,0.7901557768,20.0286220285,7.2722211441,0.2100845933,0.4244786917,2.8097322421,0.041757971,18.3334244063,2.986155091,1.6359780009,0.1464106166,0.5835740342,20.7282108973,0.5862994059,0.1906617918,0.0244294147,0.04494543,0.8282751374,0.1184000999,0.1010557701,0.1485139094,0.0115364077,1.4142680376,0.947439047,0.0260324617,0.0056179529,1.6072332091
F_192,WP3-192,20-F-24,21.44,70.22,Q220,16/04/2020,Frakkfjord,14655.9582571351,Control,Control,0,83,4850,,83,4850,114,NA,97,NA,mature_male_frakk,mature,male,1,1,1,Garn,gillnet,10,NA,NA,B,B,1.00,0.00,NEAC,0,1,1,0.0580554459,3.733581607,4.7823244112,0.1129910784,0.443385418,11.0947096502,11.0996022949,0.0456293268,0.3502936431,2.2936486591,0.1235874678,16.6752775175,5.4989442469,2.5893107575,0.0990749162,0.1161800647,12.2223881,0.8353029531,0.4619763658,0.0772626692,0.0795480831,0.8705342875,0.1147110002,0.7971889937,0.7738584702,0.0505952988,8.9970762221,0.4337597204,0.0266201156,0.1282050424,15.0143761725
F_193,WP3-193,20-F-25,21.44,70.22,Q220,16/04/2020,Frakkfjord,14655.9582571351,Control,Control,0,90,5500,903,90,5500,350,903,121,1,mature_female_frakk,mature,female,1,1,1,Garn,gillnet,9,NA,NA,B,B,1.00,0.00,NEAC,1,1,1,0.0762772762,5.313010007,7.287431069,0.1400611064,0.6347601669,16.8258040918,12.3741071659,0.1384089255,0.3528591026,3.0516592197,0.0930206569,19.8941832258,6.4591051269,3.040412443,0.0926219793,0.0665433841,16.8269664299,0.6543513139,0.377708196,0.016080635,0.0374683994,1.0378696744,0.0794262687,0.1070988848,0.1546937125,0,1.9322664697,0.6083656682,0.0605400958,0,2.2668993046
F_194,WP3-194,20-B-01,21.81979,70.19185,Q220,10/05/2020,Bergsfjord,0,Impact,Impact,1,42.5,934,4,42.5,934,35,4,38,1,immature_female_berg,immature,female,1,1,0,Jukse,hooks,NA,NA,NA,A,A,0.94,0.06,NEAC,0,1,1,0.080306374,6.9650689093,5.6545017351,0.1129663924,0.5309646169,20.0712742404,12.1990778773,0.3895158247,0.326653312,5.0702362509,0.5776274191,17.1363524046,7.1695891275,1.3760121871,0.1550183096,0.0454437261,14.3007049662,0.2841306655,0.4292211288,0,0.0513264661,1.2069690632,0.1683410649,0.250553458,0.202034337,0.0190286952,2.1426585462,0.5718792671,0.0259163719,0.1035165848,2.3831106781
F_195,WP3-195,20-B-02,21.81979,70.19185,Q220,10/05/2020,Bergsfjord,0,Impact,Impact,1,66,2101,14,66,2101,14,14,19,1,mature_female_berg,mature,female,1,1,1,Jukse,hooks,4,NA,NA,A,A,0.00,1.00,CC,1,1,1,0.059704442,3.7302008653,5.27272565,0.10706526,0.5085038604,12.3511424917,10.5791842465,0.162796208,0.4175819248,2.3485591978,0.1255318336,16.7207070323,5.7506507579,2.4246237206,0.1190603468,0.0915553104,14.7410886475,0.7022648808,0.4341355252,0.0835841214,0.0726877394,0.9677086157,0.1081662905,0.8063669607,0.6043331436,0.0539992764,7.509535624,0.4646937585,0.0212724404,0.1185425416,12.5420272862
F_197,WP3-197,20-F-26,21.47209,70.212724,Q220,11/05/2020,Frakkfjord,13313.9882727926,Control,Control,0,92,6600,143,92,6600,526,143,58,1,mature_female_frakk,mature,female,1,1,1,Garn,gillnet,8,NA,NA,B,B,1.00,0.00,NEAC,1,1,1,0,3.6736096846,4.5197221641,0.091667432,0.3903386033,11.8050910463,9.7600006444,0.0634353002,0.0345099831,2.479766105,0,17.867580892,5.525828461,2.7032503837,0.1079009216,0.1254065163,14.2507683688,0.7923138389,0.3831342263,0.0574229953,0.0912131849,0.7515454854,0.1170761257,0.5509345328,0.7319425849,0.0502912596,8.3920596342,0.4176261973,0,0.035208521,14.2303549075
F_198,WP3-198,20-F-27,21.47209,70.212724,Q220,11/05/2020,Frakkfjord,13313.9882727926,Control,Control,0,75,3900,,75,3900,96,NA,68,NA,mature_male_frakk,mature,male,1,1,1,Garn,gillnet,7,6,1,A,A,0.00,1.00,CC,0,1,1,0.0538483643,3.7099524649,4.4935601831,0.0565596828,0.4519932522,15.7659367937,6.1643059828,0.3154592159,0.5665070691,4.6395108194,0.1862821958,20.0717226534,4.957197388,1.4949388173,0.1490276949,0.0743759874,11.9015927491,0.7748002599,0.447270721,0,0.0769009193,0.7641291329,0.1664806512,1.0942913412,0.6711465079,0.0764193858,6.1718561825,0.728307712,0.038537927,0.2770976055,13.6599903396
F_199,WP3-199,20-F-28,21.47209,70.212724,Q220,11/05/2020,Frakkfjord,13313.9882727926,Control,Control,0,89,5900,,89,5900,485,NA,85,NA,mature_male_frakk,mature,male,1,1,1,Garn,gillnet,8,NA,NA,B,B,1.00,0.00,NEAC,0,1,1,0,3.337013118,5.9540308771,0.1395608706,0.4229136898,11.7948536463,13.8936604529,0.0392821332,0.2391555706,2.5483973551,0.07281187,17.5538073391,6.0634293011,2.5891516089,0.0856024375,0.1662623815,16.8574257115,0.6636193808,0.3418075291,0,0.0824700824,0.7722046123,0.0708765619,0.2460880436,0.5830996045,0.0169763637,7.394171683,0.4044928643,0.0228353038,0.0162546598,7.6277449477
F_201,WP3-201,20-B-05,21.81979,70.19185,Q220,12/05/2020,Bergsfjord,0,Impact,Impact,1,91,5800,138,91,5800,743,138,158,1,mature_female_berg,mature,female,1,1,1,Jukse,hooks,8,7,2,A,A,0.00,1.00,CC,1,1,1,0,2.2117539895,1.8771296299,0.0146081474,0.1925866182,8.9201846569,3.2257169571,0.1254781767,0.2230970811,2.3313787439,0.0410743553,42.8038785037,4.0528206134,14.7603114298,0.0888440976,0.0844509573,0.0919769189,6.9673509542,0.3668339514,0.00973247,0.0588369619,0.2451305005,0.1172660329,0.3317789569,0.4043222748,0.0178327449,4.9318100264,0.1605715541,0.0076903628,0.0389355949,5.2966167375
F_202,WP3-202,20-B-06,21.81979,70.19185,Q220,12/05/2020,Bergsfjord,0,Impact,Impact,1,49,1223,,49,1223,102,NA,37,NA,immature_male_berg,immature,male,1,1,1,Jukse,hooks,3,NA,NA,A,A,0.00,1.00,CC,1,1,1,0,5.2854837494,2.9217135506,0.0336116743,0.3196418158,12.9984965378,5.1345281981,0.2280569166,0.3329863104,2.973817408,0.1531419904,0.8914238741,6.5339481409,28.6367171667,0.1348681243,0.1388200871,0.2000232553,10.9388661049,1.0145606116,0.0217089756,0.0913930812,0.3611644301,0.2040898992,0.699823095,0.6240348658,0.0199976378,9.448312774,0.1714205462,0.0178695994,0.118605423,9.3508741565
F_203,WP3-203,20-B-07,21.81979,70.19185,Q220,12/05/2020,Bergsfjord,0,Impact,Impact,1,61.5,2372,13,61.5,2372,230,13,127,1,mature_female_berg,mature,female,1,1,1,Jukse,hooks,4,NA,NA,A,B,1.00,0.00,NEAC,1,1,1,0.0708932027,3.4256810561,2.3336293042,0.0220053596,0.269404375,8.4204386455,3.3883026146,0.1550514121,0.2167683484,2.017473231,0.3139690199,37.6407855264,4.00973654,17.0842677935,0.1051552648,0.0913622018,0.3719014347,6.570575307,0.9254712336,0.0170201337,0.0694843532,0.2335209424,0.1620508957,0.4293818337,0.4038511151,0.0114030518,5.8157128045,0.1066604275,0.0157490685,0.0426925556,5.2596009471
F_204,WP3-204,20-B-08,21.81979,70.19185,Q220,12/05/2020,Bergsfjord,0,Impact,Impact,1,59.5,1811,,59.5,1811,83,NA,44,1,immature_male_berg,immature,male,1,1,1,Jukse,hooks,6,NA,NA,A,B,0.20,0.80,CC,0,1,1,0.0626245276,2.8449466033,5.1045984326,0.0806679867,0.1846425385,11.6248822327,8.8243106626,0.1151795306,0.1731548598,2.1855744404,0.0647964356,22.3709060423,4.4178189136,7.0317859175,0.1163410019,0.0898677115,13.9002815742,2.6280983023,0.3522180706,0.0193692564,0.0783214261,0.8681488741,0.0703911192,0.3548432344,0.5010385812,0.0268233639,6.4059163782,0.4181796634,0.3843667506,0.0191005712,8.6808049966
F_206,WP3-206,20-B-10,21.81979,70.19185,Q220,12/05/2020,Bergsfjord,0,Impact,Impact,1,69.5,2759,16,69.5,2759,61,16,157,1,mature_female_berg,mature,female,1,1,1,Jukse,hooks,5,NA,NA,A,A,0.00,1.00,CC,1,1,1,0.1773585468,5.5050718781,6.4998237016,0.0586046234,0.695201794,17.436274474,6.7243677596,0.2404687864,0.4823503842,3.5632441089,0.1986869094,21.5510748643,5.2593918371,4.7134553529,0.2119563199,0.0924379808,11.2341741243,1.7468989561,0.8164015611,0.1117725958,0.1274548366,0.8666252173,0.2531234077,0.3034221712,0.5781925238,0.0497523185,2.6045424191,0.8319633522,0.0636368918,0.1364528474,6.8658174556
F_207,WP3-207,20-B-11,21.81979,70.19185,Q220,12/05/2020,Bergsfjord,0,Impact,Impact,1,60.5,2275,10,60.5,2275,149,10,104,1,mature_female_berg,mature,female,1,1,1,Jukse,hooks,4,NA,NA,A,A,0.00,1.00,CC,1,1,1,0,3.4563354825,2.1384912715,0.0190490058,0.2090116826,8.7261553614,3.2324089966,0.1425057856,0.1919637278,2.1202815017,0.1043568921,38.2574485123,3.7886085351,17.2283882452,0.0983269567,0.0754154691,0.1647702304,6.6564064309,0.6447733121,0.0427586292,0.0670194439,0.2679678257,0.1312915406,0.3673141968,0.3820573483,0.0277448608,5.2703045002,0.1583944565,0.0104817568,0.0399901016,5.9799779405
F_208,WP3-208,20-B-12,21.81979,70.19185,Q220,12/05/2020,Bergsfjord,0,Impact,Impact,1,55,1389,,55,1389,46,NA,105,NA,immature_male_berg,immature,male,1,1,1,Jukse,hooks,5,NA,NA,A,B,1.00,0.00,NEAC,0,1,1,0,4.6594725363,4.3448097904,0.0324805055,0.38669003,14.0799520882,6.0767122493,0.22956303,0.2763745211,2.8928363502,0,1.5225329389,6.0513524034,22.5216866744,0.1448418348,0.0876724767,8.5680814703,6.924949682,1.1545078188,0.080683567,0.217649879,0.531033481,0.3606108634,0.6926527802,0.8826648366,0.0946898042,6.6249759246,0.3436098391,0.2341111313,0.2074837356,9.7753177578
F_209,WP3-209,20-B-13,21.81979,70.19185,Q220,13/05/2020,Bergsfjord,0,Impact,Impact,1,95,8100,93,95,8100,423,93,241,1,mature_female_berg,mature,female,1,1,1,Jukse,hooks,6,NA,NA,A,B,0.88,0.12,NEAC,1,1,1,0,3.3376459468,2.9850138947,0.0272781117,0.3768191701,11.3222403202,4.2608362072,0.2359271182,0.4373301712,2.8309728475,0.1346378738,27.6164033003,5.0447041783,8.6584134059,0.0856692372,0.062311901,7.247419233,3.2375932669,0.9218251285,0.0956241945,0.152347451,0.3971372781,0.2724111225,0.69968061,0.641785671,0.030676485,6.9043570988,0.2707112844,0.0230471254,0.1231821992,11.5659981676
F_210,WP3-210,20-B-14,21.81979,70.19185,Q220,13/05/2020,Bergsfjord,0,Impact,Impact,1,45.5,853,3,45.5,853,61,3,52,1,immature_female_berg,immature,female,1,1,1,Jukse,hooks,3,NA,NA,A,B,0.97,0.03,NEAC,1,1,1,0,3.3031787015,2.0737034856,0.0255825778,0.1974949754,9.2107470206,3.701436471,0.1400284877,0.1817890124,2.3281501422,0.0826125634,36.3352512722,4.2073209038,17.0493508868,0.0902269228,0.0455808218,0.1200591606,6.831498782,0.4750217415,0.0313234512,0.0615948268,0.2161872864,0.1119632091,0.401050545,0.3583604314,0.0160645143,6.0018421895,0.1373514859,0.0096551841,0.0401475901,6.2154253572
F_211,WP3-211,20-B-15,21.81979,70.19185,Q220,13/05/2020,Bergsfjord,0,Impact,Impact,1,38,537,,38,537,26,NA,14,NA,immature_male_berg,immature,male,1,1,1,Jukse,hooks,4,NA,NA,A,B,0.92,0.08,NEAC,0,1,1,0.0270622107,3.2267104688,3.795628503,0.0499008963,0.3420992916,12.7037237001,6.0383586041,0.2489520508,0.2758070054,3.808889381,0.2637833339,49.2745004196,0.6479948445,11.8467521893,0.0892425514,0.0376605784,0.2728789677,2.5723849028,1.2743636358,0.0656974724,0.0749073688,0.2399662411,0.1033989125,0.1184125653,0.1173510892,0.0112720123,1.4068968784,0.362671943,0.2556843379,0.0141798539,0.4328677901
F_212,WP3-212,20-B-16,21.81979,70.19185,Q220,13/05/2020,Bergsfjord,0,Impact,Impact,1,58,2060,6,58,2060,219,6,51,1,immature_female_berg,immature,female,1,1,1,Jukse,hooks,5,NA,NA,A,B,0.00,1.00,CC,1,1,1,0.0155421382,1.6516295803,2.2743044426,0.0208849429,0.2624525445,10.2244706285,3.5030057704,0.2025797247,0.0195468312,3.3171437268,0.3770000987,49.5565622782,4.7115590579,0.0329984747,0.0255458228,0.0597320817,0.5536738227,8.5050580138,0.0743724249,0.0152110084,0.08880694,0.0472169363,0.2018678212,0.5011280607,0.0266907209,0.0254464935,6.3185438663,0.2022151538,0.0212480844,0.0487132418,7.1148492673
F_213,WP3-213,20-B-17,21.81979,70.19185,Q220,13/05/2020,Bergsfjord,0,Impact,Impact,1,54.5,1472,8,54.5,1472,138,8,31,1,immature_female_berg,immature,female,1,1,1,Jukse,hooks,4,NA,NA,A,B,0.01,0.99,CC,1,1,1,0,1.844213563,1.712052346,0.0169080398,0.185214715,9.0880580459,3.1264809845,0.1752766995,0.235948011,2.9786422271,0.0922152258,39.9657748849,4.1789141516,16.4625407249,0.1623453447,0.0691773651,0.1105900391,6.4280100087,0.4773192165,0.0570314294,0.056161734,0.3419611831,0.1161827083,0.3362322306,0.3701483188,0.0155146374,4.7571551329,0.2710652899,0.0097457289,0.0317942032,6.3273258103
F_214,WP3-214,20-B-18,21.81979,70.19185,Q220,13/05/2020,Bergsfjord,0,Impact,Impact,1,51.5,1277,5,51.5,1277,101,5,45,1,immature_female_berg,immature,female,1,1,1,Jukse,hooks,3,NA,NA,A,B,0.00,1.00,CC,1,1,1,0,3.0608024957,1.9167935944,0.0158592299,0.0984216925,9.0237085146,2.8402330465,0.1585243426,0.1415059214,3.167606372,0.0857020355,36.4810988468,3.6205296437,17.8963981046,0.1337962125,0.0747579696,0.0999391188,7.6280349791,0.536277136,0.0443115659,0.0909085215,0.2447121804,0.148029702,0.4202590735,0.3673868673,0.0202235456,5.0099846603,0.1704711683,0.0129960432,0.0364431151,6.4542843007
F_215,WP3-215,20-B-19,21.81979,70.19185,Q220,13/05/2020,Bergsfjord,0,Impact,Impact,1,50.5,1194,,50.5,1194,78,NA,44,NA,immature_male_berg,immature,male,1,1,1,Jukse,hooks,4,NA,NA,A,B,1.00,0.00,NEAC,0,1,1,0.0127029115,3.3178895521,2.4606422759,0.0238765458,0.3251166989,9.0303172568,3.6578719394,0.1695473668,0.2561368373,2.4536757459,0.5419848671,38.5059292839,4.8763327822,15.1149541779,0.0901324657,0.069023318,0.6534868247,4.9350278828,1.5674107221,0.0130753988,0.1007718089,0.1946931011,0.2453884037,0.4491410874,0.4003165745,0.0086378232,5.7946171321,0.1103951098,0.0077645372,0.0537778687,4.5593616995
F_216,WP3-216,20-B-20,21.81979,70.19185,Q220,13/05/2020,Bergsfjord,0,Impact,Impact,1,50,1236,,50,1236,52,NA,123,NA,immature_male_berg,immature,male,1,1,1,Jukse,hooks,5,NA,NA,A,B,0.74,0.26,CC,0,1,1,0,2.8764634846,2.5386390371,0.0250387736,0.2353426281,12.4026813016,3.995913383,0.2121618826,0.1416502111,4.5029669512,0.1539128121,25.4768766193,4.6058692912,9.4939666383,0.1442606207,0.0493905504,3.070211575,3.4419995783,1.4604923473,0.0479234686,0.3587069364,0.2355332563,0.4505891788,1.0355448795,0.7195293862,0.0755524087,7.8006154991,0.3148559406,0.1895451016,0.2689332716,13.6748329872
F_217,WP3-217,20-B-21,21.81979,70.19185,Q220,13/05/2020,Bergsfjord,0,Impact,Impact,1,44.5,908,4,44.5,908,37,4,59,1,immature_female_berg,immature,female,1,1,1,Jukse,hooks,3,NA,NA,A,B,0.00,1.00,CC,1,1,1,0.0193104476,3.4332309763,2.7462970053,0.0189940914,0.2264574775,8.9596027142,3.9230033544,0.152559695,0.1630135407,2.3493946906,0.0694176992,33.6590927654,3.8259155856,15.8814203933,0.0953468906,0.0566431788,0.1080757117,6.2518414617,0.4791917964,0.0582128527,0.0831738219,0.320206083,0.1252002071,0.4824704518,0.5053947099,0.0667840889,6.5952678055,0.1778123677,0.0159286047,0.0440747057,9.1066648257
F_218,WP3-218,20-B-22,21.81979,70.19185,Q220,13/05/2020,Bergsfjord,0,Impact,Impact,1,55.5,1632,,55.5,1632,89,NA,56,NA,immature_male_berg,immature,male,1,1,1,Jukse,hooks,4,NA,NA,A,B,0.05,0.95,CC,0,1,1,0.0149153371,3.2488477169,2.2357961021,0.0269418799,0.2010378175,9.7987052372,3.6754829321,0.142718621,0.1622601989,2.6747823443,0.0790031263,33.5788544135,3.8153786418,16.117122918,0.1173472331,0.092163746,3.0327668386,6.8072867203,0.5181940355,0.0184237818,0.0943564997,0.2467802154,0.1336495191,0.4769516611,0.3837530497,0.0157597609,5.4790350586,0.1975947704,0,0.0355403309,6.5785494925
F_220,WP3-220,20-B-24,21.793226,70.21833,Q220,19/05/2020,Bergsfjord,3113.2036117016,Control,Control,0,68,2565,27,68,2565,114,27,41,1,mature_female_berg,mature,female,1,1,1,Garn,gillnet,7,6,1,A,A,0.17,0.83,CC,1,1,1,0.0430055544,4.1390797552,4.8044822227,0.0917698546,0.4864021603,14.6937366551,8.7695840424,0.2201289942,0.4887117843,2.5406887594,0.1613503651,22.5968157929,7.0168146894,1.9530010637,0.1138410265,0.0486037165,13.6712698199,0.6836465822,0.4014479931,0.0886775927,0.0606362833,0.7080299687,0.1450936339,0.6275940412,0.5550570139,0.0077667016,5.4052333819,0.3574859006,0.0206781072,0.0881664487,9.0112000944
F_225,WP3-225,20-B-29,21.818739,70.182689,Q320,07/07/2020,Bergsfjord,1020.5685867475,Impact,Impact,0,56,1340,,56,1340,20,NA,43,NA,immature_male_berg,immature,male,1,1,1,Jukse,hooks,5,NA,NA,A,B,0.00,1.00,CC,0,1,1,0,7.9151801404,7.5492968791,0.08527777,0.6770333498,18.9197521007,9.9645310863,0.1673118631,0.3830964564,4.2913531067,0.1575283884,15.9557631743,6.5490025706,1.9143968517,0.1583297402,0.0397330278,11.5533662823,0.5321795131,0.3638723191,0,0.056160708,0.9171799595,0.1668218709,0.7699410959,0.3179963924,0.0344415535,3.4958649249,1.0704784376,0.0440056293,0.0814899433,5.8686148647
F_226,WP3-226,20-B-30,21.818739,70.182689,Q320,07/07/2020,Bergsfjord,1020.5685867475,Impact,Impact,0,41.5,700,,41.5,700,14,NA,10,NA,immature_male_berg,immature,male,1,1,1,Jukse,hooks,3,NA,NA,A,B,0.00,1.00,CC,0,1,1,0.0472068825,5.5717786491,8.3452643577,0.0875659887,0.64404089,19.1904434538,9.745163004,0.3626220745,0.4358747335,4.1950067398,0.2972371089,16.497610804,6.0210240861,1.8420852172,0.1672237898,0.0211402637,19.2164527511,0.4304900871,0.3591682737,0.0330888444,0.0550750205,1.2342034527,0.1549184146,0.2782010331,0.2037667461,0.0238493043,1.55158433,0.9802273152,0.0169892611,0.0514727025,1.9392244203
F_238,WP3-238,20-B-42,21.82426,70.183487,Q320,08/07/2020,Bergsfjord,946.118666648,Impact,Impact,0,41.5,619,,41.5,619,8,NA,12,NA,immature_male_berg,immature,male,1,1,1,Jukse,hooks,4,NA,NA,A,A,0.00,1.00,CC,0,1,1,0,13.3823992032,5.1836377093,0.0672346712,0.6577987389,17.4190758884,9.9680039966,0.5265909264,0.3883701655,5.4190372292,0.4535918998,14.0780005827,8.7783389518,2.038773552,0.260559028,0.1809132712,4.2430272987,0.4765230859,0.6084363158,0.0812643813,0.0923447052,0.5090152392,0.1619666015,1.855248592,0.4153918545,0.076294283,6.3985182918,0.6571863092,0.0493915909,0.2014230857,5.3716425511
F_239,WP3-239,20-B-43,21.760953,70.22529,Q320,08/07/2020,Bergsfjord,4333.0617763756,Control,Control,0,45,798,,45,798,13,NA,18,NA,immature_male_berg,immature,male,1,1,1,Jukse,hooks,5,NA,NA,A,A,0.00,1.00,CC,0,1,1,0.0758366619,4.8359163284,4.6821421874,0.0841011822,0.6109847122,18.8379652353,10.9536802471,0.4611319095,0.5146650433,5.4992825041,0.3895767554,21.5013098445,10.516533164,2.1118888068,0.1868923591,0.1639918704,4.3644931523,0.6701360421,0.5896450041,0.0348830633,0.0801391775,0.4242363526,0.1487504948,0.9534258726,0.4462970424,0.0269359955,8.0864855997,0.3415193945,0.1813820599,0.146012934,2.0797590032
F_240,WP3-240,20-B-44,21.760953,70.22529,Q320,08/07/2020,Bergsfjord,4333.0617763756,Control,Control,0,91,5500,,91,5500,273,NA,72,NA,mature_male_berg,mature,male,1,1,1,Jukse,hooks,NA,NA,NA,B,B,1.00,0.00,NEAC,0,1,1,0,3.5116655359,5.3042202311,0.0863257354,0.3817716544,13.2030796306,9.0636695779,0.1555378129,0.2518664127,3.7142928611,0.0936314046,16.861800835,5.3786067796,2.575043696,0.0948633061,0.1214008812,14.4747919514,0.9223929628,0.3549271125,0.0931205467,0.0865366138,0.8644354105,0.115046972,0.5287595091,0.6211334889,0.0291204307,8.1741537678,0.5493424176,0.2824551367,0.114866524,11.9911408011
F_243,WP3-243,20-B-47,21.82691,70.171994,Q320,08/07/2020,Bergsfjord,2226.6340955563,Control,Impact,0,36,398,,36,398,7,NA,8,NA,immature_male_berg,immature,male,1,1,1,Jukse,hooks,3,NA,NA,A,B,0.83,0.17,NEAC,0,1,1,0,4.8679990941,5.6771720007,0.0763381888,0.4369346706,17.7262510425,7.4048942733,0.2404540556,0.2325791245,3.7155006701,0.2083449327,14.3750418485,5.9829839976,2.1029027223,0.1876538942,0.1705500346,11.2355652926,0.9144412201,0.5753714409,0.0231382713,0.1148516586,0.9276022993,0.1298769115,0.7856729517,0.7972636647,0.0859346612,8.521514319,0.6289304319,0.0500474568,0.1156974126,11.6884914576
F_244,WP3-244,20-B-48,21.82691,70.171994,Q320,08/07/2020,Bergsfjord,2226.6340955563,Control,Impact,0,43,720,,43,720,8,NA,15,NA,immature_male_berg,immature,male,1,1,0,Jukse,hooks,NA,NA,NA,A,A,0.00,1.00,CC,0,1,1,0,19.849749693,4.8165433995,0.0262254968,0.5373453227,16.455785333,5.8292384456,0.3171947229,0.2874478799,4.0063974341,0.2347448499,12.1662575141,5.6389040939,1.8966110336,0.2347885085,0.0409104257,8.4287791408,0.4798040208,0.3632883831,0.0526620232,0.0551313057,0.8527199075,0.1875845568,1.714498271,0.3180159666,0.0618434785,4.3095379528,1.0690355656,0.0619882596,0.1550659993,9.5519010154
F_245,WP3-245,20-B-49,21.82691,70.171994,Q320,08/07/2020,Bergsfjord,2226.6340955563,Control,Impact,0,40,530,,40,530,6,NA,20,NA,immature_male_berg,immature,male,1,1,1,Jukse,hooks,3,NA,NA,A,A,0.00,1.00,CC,0,1,1,0,28.4978176232,2.9052112569,0.1226843693,0.6515193357,16.8447446879,6.4061739601,0.5457620184,0.3968280726,5.5901278993,0.4871718568,12.3031042317,8.1680131647,1.1472038031,0.2151819268,0.1399192863,3.6796413823,0.2334631879,0.1816178638,0.1083968203,0.0492835547,2.0673535713,0.1372643433,1.5350191775,0.1509552489,0.0407685179,2.8731193429,0.5408126828,0.0308580036,0.1061289868,3.8438538232
F_246,WP3-246,20-B-50,21.82691,70.171994,Q320,08/07/2020,Bergsfjord,2226.6340955563,Control,Impact,0,32.5,300,3,32.5,300,4,3,6,1,immature_female_berg,immature,female,1,1,1,Jukse,hooks,3,NA,NA,A,B,0.02,0.98,CC,1,1,1,0.0444002755,8.2346368445,9.0701721104,0.0947948629,0.7206775521,24.2135741103,9.5665753424,0.4216732421,0.3348894477,4.2861620383,0.2338294121,13.1809701124,5.8910003004,1.453944994,0.2573417005,0.0458212358,16.3958680937,0.2758579966,0.2668292887,0.062151046,0.0659893953,1.4793949368,0.2253886429,0.1233468254,0.1750647869,0.0442696526,0.7039675696,1.5429989406,0.0228674697,0,0.5655417741
F_248,WP3-248,20-B-52,21.845349,70.147651,Q320,08/07/2020,Bergsfjord,5013.9873477225,Control,Control,0,41,530,,41,530,5,NA,8,NA,immature_male_berg,immature,male,1,1,1,Jukse,hooks,3,NA,NA,A,B,0.00,1.00,CC,0,1,1,0.0513933417,8.4704583212,8.5081644522,0.096630153,0.5603726672,18.2490947367,7.96116127,0.198005106,0.2117961609,2.5751224517,0.1301307593,11.083007995,3.8431490767,2.7268395019,0.1752457687,0.0564829454,14.798346256,0.9299199585,0.4823079352,0.0593549212,0.113205855,1.3535224481,0.1147719586,0.691610393,0.6677520616,0.1156792334,5.1527284471,1.0788597277,0.0432060867,0.0559819389,9.4456980714
F_252,WP3-252,20-B-56,21.788427,70.180457,Q420,30/09/2020,Bergsfjord,1734.6488968041,Impact,Impact,0,45.5,820,,45.5,820,8,NA,16,NA,immature_male_berg,immature,male,1,1,1,Jukse,hooks,2,NA,NA,A,A,0.00,1.00,CC,0,1,1,0.0482982931,18.7333173955,3.9988099391,0.0488432053,0.9087846976,18.6817339188,8.8571700681,0.9114890046,0.5281554445,6.3197876795,0.6863058138,14.4175358136,10.3474602049,1.1424525733,0.3148375511,0.0704832399,4.6472190309,0.3209718076,0.776954572,0.111487224,0.0672001286,0.5861160715,0.3155870381,0.9933261872,0.2155805207,0.0603490882,2.647438809,0.7034342684,0.0833029749,0.2278386503,2.2277287858
F_253,WP3-253,20-B-57,21.788427,70.180457,Q420,30/09/2020,Bergsfjord,1734.6488968041,Impact,Impact,0,48.5,1042,,48.5,1042,14,NA,70,NA,immature_male_berg,immature,male,1,1,1,Jukse,hooks,5,5,0,A,A,0.00,1.00,CC,0,1,1,0,17.4115282284,6.6807590926,0.0582470897,0.8657492603,17.6365396144,9.5861584083,0.8449623574,0.3337052625,7.258739773,1.2581888003,11.4746073108,9.8172731123,1.9808513279,0.3093553133,0.4059339573,5.2371818361,0.4261305185,0.8821876264,0.0311660368,0.0876638363,0.3406713682,0.2407644927,0.7564321758,0.2843110625,0,3.2092007229,0.4722641473,0.0327683935,0.296167863,1.7804910115
F_254,WP3-254,20-B-58,21.788427,70.180457,Q420,30/09/2020,Bergsfjord,1734.6488968041,Impact,Impact,0,34.5,406,,34.5,406,4,NA,8,NA,immature_male_berg,immature,male,1,1,1,Jukse,hooks,4,NA,NA,A,B,0.00,1.00,CC,0,1,1,0,23.4141518063,2.9536855571,0.0409139355,0.6097317635,15.1016340079,5.7447326472,0.5257136217,0.2672838923,5.3850167324,0.4660585722,11.1163865953,6.3251725426,1.9960130448,0.1489167835,0.0462148416,5.0915512761,0.4633085535,0.7566795889,0,0.0830077618,0.3330315862,0.1182119244,2.6788440991,0.2231453943,0.1029875606,6.8323607311,0.3110952343,0.0378269194,0.6831038069,8.1432192197
F_259,WP3-259,20-B-63,21.824407,70.17042,Q420,30/09/2020,Bergsfjord,2391.9326613836,Control,Impact,0,62.5,1848,10,62.5,1848,50,10,36,1,mature_female_berg,mature,female,1,1,1,Jukse,hooks,4,NA,NA,A,B,0.91,0.09,NEAC,1,1,1,0.0499701745,4.2256075359,7.2911002353,0.0774654139,0.5839692653,16.208961297,7.0676196957,0.1935969524,0.3316324575,2.1638094892,0.1072134459,14.7225070042,3.0508122701,2.4084040115,0.1164895017,0.1406791274,12.9666139808,1.7299863506,0.3791499231,0.048671328,0.0967162289,0.4751437385,0.1842099294,0.3516376389,1.1065152659,0.0375097582,8.9251197703,0.4890966176,0.0332621328,0.0262105133,14.4103189463
F_26,WP3-26,BI-26,21.81979,70.19185,Q419,10/10/2019,Bergsfjord,0,Impact,Impact,1,56.5,1373,8,56.5,1373,40,8,52,1,immature_female_berg,immature,female,1,1,1,Jukse,hooks,4,NA,NA,B,B,1.00,0.00,NEAC,1,1,1,0,4.1423523553,4.3462011464,0.0273528828,0.7038001537,9.1941166231,0.2079691442,0.2738368733,0.351712844,2.8905924897,2.0506916127,29.2264362994,5.7121786195,12.8212692631,0.1659351632,0.1209176656,6.18124508,2.1883945217,0.7857843241,0,0.2750063247,0.3534483308,0.5000465823,1.0703329854,0.7587161775,0.0180027593,7.6464860239,0.1687180011,0.0293347648,0.1509800184,7.6381409701
F_260,WP3-260,20-B-64,21.812099,70.172607,Q420,30/09/2020,Bergsfjord,2161.6972165624,Control,Impact,0,55,1548,,55,1548,38,NA,164,NA,immature_male_berg,immature,male,1,1,1,Jukse,hooks,4,NA,NA,A,A,0.00,1.00,CC,0,1,1,0.0392839245,8.0246750393,11.3496576935,0.0552183529,0.8299752999,23.4945202525,8.9835953603,0.4633696082,0.3655131986,5.1248612482,0.5292203677,17.3033944059,6.6328306783,0.7768307516,0.1953439294,0.3926782487,13.3229840128,0.0740944846,0.3327716345,0.0646027703,0.0224452254,0.5956900439,0.0133646833,0.0198802747,0.1602448232,0.0174752925,0.1211160973,0.625825675,0.012912201,0,0.0556244221
F_291,WP3-291,20-B-95,21.8249,70.1693,Q420,04/10/2020,Bergsfjord,2517.6529879468,Control,Impact,0,84,4358,54,84,4358,38,54,118,1,mature_female_berg,mature,female,1,1,1,Teine,traps,7,7,0,A,A,0.00,1.00,CC,1,1,1,0,30.5685812209,2.3619430138,0,0.547694318,16.0671989361,3.0059234291,0.4023251669,0.1548747379,6.9822298638,0.280020876,8.7660955612,4.0344022109,0.5319454963,0.3304341053,0.1168271419,4.3314092549,0.1753947373,0.234397218,0,0.041366028,2.0670315266,0.0963277536,3.1947006412,0.2830846476,0,5.4202190265,0.6607814499,0,0.0714561126,9.2733355257
F_292,WP3-292,20-B-96,21.8249,70.1693,Q420,04/10/2020,Bergsfjord,2517.6529879468,Control,Impact,0,42,544,,42,544,8,NA,10,NA,immature_male_berg,immature,male,1,1,1,Teine,traps,3,NA,NA,A,B,0.00,1.00,CC,0,1,1,0.042005027,11.6932190154,13.0135997223,0.0557493274,0.9544249212,22.4070380638,7.4173784189,0.2902660701,0.3360327856,2.6592229534,0.0622827827,11.6938483253,4.7058730633,1.4363416932,0.1725940482,0.0253259171,16.1691740167,0.4376587999,0.2534782234,0,0.0693384079,0.8905494709,0.2360350553,0.1861396403,0.1683055939,0.020462819,0.8274732022,1.5683381964,0.0263724367,0.042659965,2.1388120375
F_293,WP3-293,20-B-97,21.855,70.2157,Q420,04/10/2020,Bergsfjord,2968.3354455547,Control,Impact,0,80.5,3832,,80.5,3832,76,NA,540,NA,mature_male_berg,mature,male,1,1,1,Teine,traps,11,8,3,A,A,0.01,0.99,CC,0,1,1,0.0262732407,6.531211191,9.0371015315,0.0617936166,0.6955248836,20.9873777865,8.228711258,0.2912413203,0.4320682573,3.7490223758,0.0337614877,22.6775235532,4.4543226216,1.4858235318,0.1138003358,0.3966923826,17.1956852797,0.398544991,0.2743475202,0,0.0228651175,0.6351360903,0.0469883534,0.0492175628,0.2600232725,0.0125130744,0.5286750177,0.8659334088,0.0255342823,0,0.4822866553
F_294,WP3-294,20-B-98,21.855,70.2157,Q420,04/10/2020,Bergsfjord,2968.3354455547,Control,Impact,0,28.5,194,,28.5,194,2,NA,8,NA,immature_male_berg,immature,male,1,1,1,Teine,traps,2,NA,NA,A,A,0.08,0.92,CC,0,1,1,0,22.3134143121,2.6881594463,0,0.5729626054,15.1649768341,3.4834289332,0.5863840441,0.2415638852,5.3844407984,0.4323768132,8.3872188039,5.8516530363,1.0969836877,0.1818144349,0.0788623403,3.2008847885,0.4084506965,0.847671719,0.0293963717,0.0997945102,3.0453874828,0.2968072198,3.5735036946,0.3919690218,0.0048901116,7.1544495804,0.5298062322,0.0233440747,0.2156642801,13.7137402409
F_296,WP3-296,20-B-100,21.8285,70.1707,Q420,04/10/2020,Bergsfjord,2377.2464551118,Control,Impact,0,61,1914,6,61,1914,62,6,36,1,mature_female_berg,mature,female,1,1,1,Teine,traps,4,NA,NA,A,B,0.00,1.00,CC,1,1,1,0,3.5190440135,4.9832160345,0.0357447506,0.4349255527,16.5317142072,5.0993947064,0.19390627,0.2813357329,3.8192926496,0.0935529583,14.8096608522,3.4051218671,2.0777738307,0.1299750424,0.1082452276,11.2434417729,2.1213647725,0.4543070231,0.1055009581,0.0780561331,0.6958905581,0.2863312026,0.4946213965,1.1354673744,0.0653651082,7.6740419937,1.0168940744,0.3436201854,0.2216463189,18.5405474323
F_297,WP3-297,20-B-101,21.8426,70.2126,Q420,04/10/2020,Bergsfjord,2464.7908501718,Control,Impact,0,33,282,1,33,282,4,1,4,NA,immature_female_berg,immature,female,1,1,1,Teine,traps,2,NA,NA,A,B,0.15,0.85,CC,1,1,1,0,26.0088852259,5.0438140217,0.0167876788,0.8032699126,22.4057487338,4.862841586,0.6337349036,0.3273124175,7.4630959663,0.2110635148,13.5475000209,5.8421468893,0.5747218656,0.1640102305,0.0104494995,5.8944680109,0.1916808832,0.2219746398,0.0397779267,0.0326478756,0.2673665399,0.0684065944,0.5337866981,0.0819856581,0.0633015833,1.220890404,1.1681493683,0,0.0429706049,2.2572107459
F_30,WP3-30,BI-30,21.81979,70.19185,Q419,10/10/2019,Bergsfjord,0,Impact,Impact,1,48,980,,48,980,29,NA,34,NA,immature_male_berg,immature,male,1,1,1,Jukse,hooks,3,NA,NA,B,B,1.00,0.00,NEAC,0,1,1,0.0198743104,3.7441964643,3.8788305329,0.0424922282,0.5509376398,14.5551202485,5.7964219865,0.5060007757,0.4034126072,4.69642867,0.1597196662,14.3355268575,5.2815095735,2.5168825577,0.1488125245,0.1059753232,7.2453340976,1.330918512,0.8196646856,0.1082374569,0.1107875633,0.4871243325,0.2884089904,1.3791015439,0.9080976248,0.0506442462,11.4900571667,0.5290527567,0.021208133,0.0960038651,18.3932170591
F_303,WP3-303,20-F-29,21.486224,70.24228,Q420,03/10/2020,Frakkfjord,13764.5482302996,Control,Control,0,90,6838,,90,6838,398,NA,194,NA,mature_male_frakk,mature,male,1,1,1,Garn,gillnet,11,9,3,A,B,0.00,1.00,CC,0,1,1,0,4.6489291092,7.2991365447,0.0900783604,0.5955416041,16.6376744289,7.8488353003,0.2281092175,0.4558640577,3.6615933688,0.1094530321,19.3021593084,3.5800499879,2.0973715727,0.1188983902,0.0901017119,16.0401884594,1.0416289452,0.3354658178,0.0155062688,0.0800907507,0.5573960841,0.1046442177,0.4040754165,0.5438555499,0,5.8177296648,0.5496194043,0.0218522366,0.0268789709,7.6972722185
F_31,WP3-31,BI-31,21.81979,70.19185,Q419,10/10/2019,Bergsfjord,0,Impact,Impact,1,39.5,507,4,39.5,507,15,4,14,1,immature_female_berg,immature,female,1,1,1,Jukse,hooks,3,NA,NA,A,B,1.00,0.00,NEAC,1,1,1,0,5.9558461834,5.8657680851,0.0438730355,0.7736999263,18.2713906008,0.3880450422,0.6772661587,0.45495537,6.0122761535,0.4374453341,16.7159016285,5.5021349776,3.2242442182,0.2122918305,0.1230421176,10.108021745,0.7048860933,2.0290067502,0.0642170049,0.1332800785,0.6357968973,0.3732152575,0.8322385533,0.8262067833,0,7.9863322007,0.6142203859,0.0477907461,0.0753615095,10.9112453326
F_32,WP3-32,BI-32,21.81979,70.19185,Q419,10/10/2019,Bergsfjord,0,Impact,Impact,1,46,717,3,46,717,15,3,16,1,immature_female_berg,immature,female,1,1,1,Jukse,hooks,3,NA,NA,A,B,0.97,0.03,NEAC,1,1,1,0.0214030293,9.4555105728,4.2903689168,0.0468033771,0.8192932541,24.4926255586,7.1026911222,0.6888444792,0.5664418183,7.6161586191,0.2424158745,19.3973905255,7.3335587127,1.2988650974,0.1955774938,0.047635848,6.8927021556,0.3935941695,0.3521508699,0.3571717219,0.0358692082,0.5373693198,0.118494363,0.398383354,0.1469006396,1.9135008007,1.8933534552,0.917965482,0.018468179,0.0261356161,2.3823563662
F_37,WP3-37,BO-1,21.66872,70.35988,Q419,09/10/2019,Bergsfjord,19547.1107881474,Control,Control,0,83.5,5100,,83.5,5100,238,NA,96,NA,mature_male_berg,mature,male,1,1,1,Jukse,hooks,5,NA,NA,A,A,0.00,1.00,CC,0,1,1,0,1.6867245601,7.085845934,0.0798825265,0.5388880069,18.2749364466,0.1399859223,0.1870150726,0.3240743102,4.1826050841,0.3622550488,19.3259613807,6.0621452294,2.6018183831,0.1887354357,0.4861898865,3.0096734167,0.6441844812,3.4209490361,0.0812771507,0.1183653403,1.0014444815,0.1813751597,0.6734885428,1.0603378717,0.0345268901,12.8086106904,0.8137616435,0.0297732904,0.0500106495,14.5451581278
F_38,WP3-38,BO-2,21.66872,70.35988,Q419,09/10/2019,Bergsfjord,19547.1107881474,Control,Control,0,69.5,3011,,69.5,3011,87,NA,74,NA,mature_male_berg,mature,male,1,1,1,Jukse,hooks,4,NA,NA,A,A,0.00,1.00,CC,0,1,1,0,3.944376308,6.6026992296,0.0848145587,0.5128929955,17.8210097897,0.1793540118,0.2116072828,0.311291474,3.5286426634,0.1742281473,16.4822855771,5.83163955,2.4136584261,0.1718635954,0.0675398865,2.2397701708,0.5016358293,0.4399755228,0.2486301129,0.0934188336,1.4148771527,0.0921721609,0.6893723002,1.0179556179,0.1713183759,11.1997215865,0.9272240007,0.0275277395,0.0598659789,22.5386311214
F_39,WP3-39,BO-3,21.66872,70.35988,Q419,09/10/2019,Bergsfjord,19547.1107881474,Control,Control,0,59.5,1717,,59.5,1717,39,NA,56,NA,immature_male_berg,immature,male,1,1,1,Jukse,hooks,3,NA,NA,A,A,0.33,0.67,mix,0,1,1,0,4.3127905461,7.0409686901,0.0775421979,0.5430389332,16.0863779385,9.7223266784,0.2014259864,0.2522865738,4.4161428986,0.3774644161,11.425266045,5.8330403296,1.7823589503,0.197480522,0.0940339394,16.4846171039,0.5109923897,0.4058018372,0.0930940374,0.0783124136,1.2159988657,0.1283100196,0.6055339397,0.7704030965,0.0187645163,8.3995882483,0.9565431169,0.0251996221,0.0357487464,7.9085474012
F_4,WP3-4,BI-4,21.81979,70.19185,Q419,08/10/2019,Bergsfjord,0,Impact,Impact,1,65,2381,,65,2381,48,NA,57,NA,mature_male_berg,mature,male,1,1,1,Jukse,hooks,6,NA,NA,A,A,0.37,0.64,mix,0,1,1,0,1.6899081109,3.8495474244,0.0580787867,0.4929569789,14.8152910722,5.9780450573,0.2797438525,0.5287418961,4.833749547,0.2396240596,20.2714455247,6.5316942062,2.3636519153,0.1421372375,0.0948143645,8.5214346992,0.6195675653,1.3672038831,0.1048650042,0.1653676281,0.5443007006,0.3316933888,1.1513216626,0.6838918198,0.0350860608,8.1418052895,0.4900224515,0.0272178366,0.1367333992,15.5100585769
F_41,WP3-41,BO-5,21.66872,70.35988,Q419,09/10/2019,Bergsfjord,19547.1107881474,Control,Control,0,56,1460,,56,1460,24,NA,50,NA,immature_male_berg,immature,male,1,1,1,Jukse,hooks,3,NA,NA,A,A,0.00,1.00,CC,0,1,1,0,7.8628685226,8.710287115,0,0.7108491557,19.5663960586,0.2114212017,0.5599849842,0.3086592349,7.2146527944,0.5753761412,12.0313564486,8.0040899541,1.9326028922,0.2604609675,0.5653276498,14.3157518763,0.9273071811,0.4899609318,0,0.092762674,1.0544550362,0.1359190502,0.5696277103,0.4979076244,0.0323159584,6.877042318,0.8325654284,0.0420018132,0.0412559873,5.5767932899
F_42,WP3-42,BO-6,21.66872,70.35988,Q419,09/10/2019,Bergsfjord,19547.1107881474,Control,Control,0,56,1436,,56,1436,37,NA,50,NA,immature_male_berg,immature,male,1,1,1,Jukse,hooks,3,NA,NA,A,B,0.00,1.00,CC,0,1,1,0,5.7657677196,7.083304829,0.0907585272,0.5030383374,16.0656179147,0.1952867882,0.1594438918,0.3072367889,3.0656586188,0.2741724314,17.1986544764,6.3924509722,2.5888561714,0.1951795611,0.1205246943,2.3896526641,0.8211099891,2.0026246849,0.1694942726,0.1379169632,1.1435740158,0.1115835993,0.8967399278,0.9162399468,0.1077438739,13.0714632057,0.8156040937,0.0123193736,0.100001708,17.2979799589
F_45,WP3-45,BO-9,21.66872,70.35988,Q419,09/10/2019,Bergsfjord,19547.1107881474,Control,Control,0,56,1621,13,56,1621,36,13,61,1,immature_female_berg,immature,female,1,1,1,Jukse,hooks,5,NA,NA,A,A,0.00,1.00,CC,1,1,1,0,5.6132124768,10.2468870792,0.0465658117,0.7133703988,15.2757160875,9.036086529,0.4448237115,0.1949794188,6.523824386,1.4409402748,6.131830555,8.9747886503,2.5509905021,0.3563986536,1.4498211477,4.4873698293,0.5998600382,0.6736904323,0.0190866453,0.1015378226,0.3180310705,0.2380256574,0.9933886446,1.0296887211,0.0279743446,16.6676979757,0.2934057765,0.0329775164,0.0788308829,5.4381989598
F_47,WP3-47,BO-11,21.66872,70.35988,Q419,09/10/2019,Bergsfjord,19547.1107881474,Control,Control,0,50,1124,,50,1124,29,NA,30,NA,immature_male_berg,immature,male,1,1,1,Jukse,hooks,3,NA,NA,A,A,0.00,1.00,CC,0,1,1,0,6.9929085033,7.0413562449,0,0.8764485191,22.4827257357,0.2397364671,0.7464034255,0.4003990292,7.001189751,0.2895270518,13.9844986886,6.9741918877,1.6155824255,0.1878670131,0.072472553,16.2669645813,0.4963691063,0.4997143711,0.0319548135,0.0550123934,1.0084658305,0.1293070324,0.4801466285,0.3797633395,0.0309655242,4.8087499886,1.0302239708,0.0489913669,0.0388493847,5.789214373
F_48,WP3-48,BO-12,21.66872,70.35988,Q419,09/10/2019,Bergsfjord,19547.1107881474,Control,Control,0,61,1897,,61,1897,67,NA,48,NA,mature_male_berg,mature,male,1,1,1,Jukse,hooks,4,NA,NA,A,B,0.00,1.00,CC,0,1,1,0,3.8940341283,6.5510512451,0.064469344,0.5178100902,17.2036204032,0.1572995597,0.2184336218,0.3378509132,3.4341131421,0.0925213996,17.7886524897,4.5958331835,2.0845361949,0.1302284239,0.1079529436,2.8102015323,0.3798170386,1.9559850046,0.1617036988,0.1154197672,1.2389904304,0.1374463457,0.6794734679,1.0277379567,0.0597345344,11.1515299114,0.8452044813,0.0063551423,0.0337626737,22.2182309317
F_53,WP3-53,BO-17,21.66872,70.35988,Q419,09/10/2019,Bergsfjord,19547.1107881474,Control,Control,0,61,1839,8,61,1839,34,8,37,1,mature_female_berg,mature,female,1,1,1,Jukse,hooks,3,NA,NA,A,B,0.26,0.74,CC,1,1,1,0,6.3042281856,9.2890855949,0.0567494208,0.8060761508,18.3662837108,0.2278528411,0.3834683436,0.3572691925,5.1490689052,0.32027349,12.4777896057,5.6597545901,2.3618745177,0.213027427,0.1141200646,3.4197217788,0.6428408944,2.4542720808,0.3404984347,0.0772282421,1.5379961521,0.1621371685,0.998844849,0.9622305617,0.1138736271,10.4474436813,1.3602786512,0.0501584184,0.0759840414,15.2695693781
F_54,WP3-54,BO-18,21.84219,70.21499,Q419,09/10/2019,Bergsfjord,2710.8390391332,Control,Impact,0,55,1443,8,55,1443,45,8,67,1,immature_female_berg,immature,female,1,1,1,Jukse,hooks,3,NA,NA,A,A,0.00,1.00,CC,1,1,1,0.0499086297,4.1011621931,7.3315704989,0.0677655482,0.720597105,19.7593816005,0.177549081,0.4385860142,0.3389446445,4.2517594483,0.1424918152,11.883984869,3.9899878562,2.3057731568,0.2128455391,0.0874593606,1.7325984033,0.3317283679,0.3684183957,0.1812760672,0.0887193484,0.6553491745,0.1917737995,0.650844881,1.094974921,0.0881562463,14.0375138555,1.084162722,0.0446961515,0.1075427935,23.4824775125
F_55,WP3-55,BO-19,21.79035,70.38511,Q419,09/10/2019,Bergsfjord,21541.9821095951,Control,Control,0,45,857,,45,857,16,NA,16,NA,immature_male_berg,immature,male,1,1,1,Jukse,hooks,4,NA,NA,A,A,0.00,1.00,CC,0,1,1,0,10.3418409653,7.3707925115,0.0827985538,0.8318280179,23.9802922974,0.3207246102,0.6635512497,0.5400383754,6.3108099048,0.2830111171,20.6827737913,9.6528540278,1.8964366384,0.2233281814,0.066338952,3.0818844164,0.9390449253,0.4020263801,0.0838372891,0.0677268377,1.7984014753,0.2544314259,0.6788790773,0.3133866771,0.0681638688,3.5128474188,1.2597667969,0.0281904719,0.0948875514,4.1691061941
F_57,WP3-57,BO-21,21.77799,70.21667,Q419,10/10/2019,Bergsfjord,3180.765721831,Control,Control,0,98,10100,97,98,10100,737,97,635,1,mature_female_berg,mature,female,1,1,1,Garn,gillnet,8,NA,NA,B,B,0.00,1.00,CC,1,1,1,0,4.5402410493,3.5124770557,0.0282662099,0.4292644235,15.7326176582,0.1862603476,0.2209410398,0.4119102262,6.0013654009,0.1405354118,20.1471668371,5.7062234755,2.7861240102,0.1132713916,0.1085155218,10.3862453838,0.3005179281,0.4219131665,0.0662669103,0.0712484226,0.6684392914,0.1996086098,0.7073631394,0.8052012602,0.0168748398,9.6005948826,0.5679487958,0.0294826966,0.0628868902,16.0302277238
F_58,WP3-58,BO-22,21.77799,70.21667,Q419,10/10/2019,Bergsfjord,3180.765721831,Control,Control,0,97,7300,101,97,7300,230,101,146,1,mature_female_berg,mature,female,1,1,1,Garn,gillnet,9,NA,NA,A,B,0.00,1.00,CC,1,1,1,0.0324628744,4.2588954706,3.7849665962,0.0490789882,0.5009336256,12.1955912252,5.0956964947,0.2988318975,0.4576121939,3.1715912418,0.2545876798,19.6604151945,5.2990660683,2.9630941216,0.1321458698,0.0452583484,13.5095003144,1.4811254113,1.112542718,0.0437676674,0.2244050738,1.1739856194,0.4750958033,0.6994104524,0.8994361412,0.0675250964,6.1013719866,0.5688542419,0.0234053403,0.1442774405,15.2750688028
F_6,WP3-6,BI-6,21.81979,70.19185,Q419,08/10/2019,Bergsfjord,0,Impact,Impact,1,51.5,1152,6,51.5,1152,42,6,35,1,immature_female_berg,immature,female,1,1,1,Jukse,hooks,3,NA,NA,A,B,0.01,0.99,CC,1,1,1,0,3.1824745105,4.3086108086,0.0314017099,0.5974591032,8.5196856595,5.20063376,0.2159641956,0.2430932173,2.4671569868,1.8466571993,29.0253035713,4.8403243711,11.9949727855,0.1426126464,0.1607125909,7.3810809559,2.8716504329,0.9034212773,0.0760828358,0.3058520733,0.4154512454,0.477284534,0.6070154513,0.9072085713,0.0298040037,5.9100530845,0.1643807367,0.244617545,0.1182576585,6.8107764786
F_62,WP3-62,BO-26,21.77799,70.21667,Q419,10/10/2019,Bergsfjord,3180.765721831,Control,Control,0,83,4705,57,83,4705,79,57,93,1,mature_female_berg,mature,female,1,1,1,Garn,gillnet,5,NA,NA,B,B,0.00,1.00,CC,1,1,1,0.0573224427,3.185049331,10.8024489744,0.1281215032,0.7372431462,15.4161706073,0.181732092,0.1607700266,0.4839716157,1.982873862,0.0994810065,15.1277808082,3.7853371501,2.0731151148,0.1039322683,0.0953457126,4.9067081417,0.5281783361,1.182969504,0.0625864563,0.0705933046,27.8444300856,0.1082625804,0.1841735096,0.4931641035,0.0180963409,2.2386954995,1.2174581483,0.0217665427,0.0372976647,6.6649241204
F_69,WP3-69,BO-33,21.80322,70.17718,Q419,10/10/2019,Bergsfjord,1748.6754843768,Impact,Impact,0,66.5,2542,,66.5,2542,72,NA,53,NA,mature_male_berg,mature,male,1,1,1,Garn,gillnet,4,NA,NA,A,A,0.00,1.00,CC,0,1,1,0,7.9350945686,8.3787940067,0.0649134024,0.7633554873,22.8303907812,0.230349641,0.2977733981,0.4331492714,5.1773597397,0.1274444105,18.8530794963,6.8203606959,2.1448002739,0.1572704901,0.1242941467,3.535957946,0.5796037739,1.6206316775,0,0.0708607251,1.8034496807,0.1801841026,0.4020778326,0.5660653119,0.0253109617,5.4734560807,1.2371120203,0.0398088822,0.0395562506,10.0874949445
F_7,WP3-7,BI-7,21.81979,70.19185,Q419,08/10/2019,Bergsfjord,0,Impact,Impact,1,78.5,4328,23,78.5,4328,253,23,123,1,mature_female_berg,mature,female,1,1,1,Jukse,hooks,5,NA,NA,A,B,0.22,0.78,CC,1,1,1,0,2.9333253723,4.1238307079,0.0597351647,0.4443464879,14.761564934,0.1936951372,0.2502536832,0.5223090579,4.3220649231,0.2495791943,21.3674759509,5.186415555,2.7667951786,0.1333342352,0.0909987758,10.7493895189,1.1225358016,0.7566936601,0.0898584552,0.138797482,0.6236851475,0.2313076667,1.0791046637,0.792502018,0.0520986895,9.287473978,0.5707325744,0.0207195817,0.124891001,16.9544854038
F_70,WP3-70,FI-2,21.4692993,70.223588,Q419,09/10/2019,Frakkfjord,13675.6392134952,Control,Control,0,91,6400,145,91,6400,349,145,151,1,mature_female_frakk,mature,female,1,1,1,Garn,gillnet,12,8,4,A,A,0.00,1.00,CC,1,1,1,0,3.9546749139,6.5189568055,0.0872541375,0.5916373533,16.5312099833,0.1972810046,0.2557124363,0.5480752678,3.9390269226,0.1262727329,21.9881906567,6.3277083096,2.6558456617,0.1280655275,0.1940470553,3.7460678582,0.2933714546,0.3201089693,0.0555888276,0.0967172127,1.0781642539,0.1198307071,0.807725428,0.969045232,0.0423112385,9.2428745971,0.6934024268,0.3541431514,0.1108926272,18.0257972473
F_71,WP3-71,FI-3,21.4692993,70.223588,Q419,09/10/2019,Frakkfjord,13675.6392134952,Control,Control,0,77.5,3815,29,77.5,3815,91,29,71,1,mature_female_frakk,mature,female,1,1,1,Garn,gillnet,6,NA,NA,B,B,0.00,1.00,CC,1,1,1,0.0464721877,3.8281599548,8.9731108799,0.0822650682,0.3654054371,13.4630617348,6.845782203,0.1657152046,0.3213387943,1.8187899282,0.0448092922,11.2086549478,3.0130227208,2.0498442934,0.0988799188,0.0994892626,17.9519743105,1.057494995,0.3976228959,0.278016967,0.0290551837,1.5338746735,0.1670399573,0.3425872976,0.9608046854,0.129415308,6.1353369158,1.0253255711,0.0244136019,0.0508765982,17.491359211
F_72,WP3-72,FI-4,21.4692993,70.223588,Q419,09/10/2019,Frakkfjord,13675.6392134952,Control,Control,0,86,5700,58,86,5700,250,58,148,1,mature_female_frakk,mature,female,1,1,1,Garn,gillnet,8,NA,NA,A,A,0.00,1.00,CC,1,1,1,0,4.554691805,7.7184131735,0.1044398446,0.6412204194,16.5198220756,0.1970337153,0.2646505862,0.5405286793,3.5048360421,0.1111189334,19.6599861977,5.5280456438,2.4691672033,0.1186549247,0.1116060863,3.7898093775,0.3275117726,0.351268879,0.1195273674,0.0762562219,1.3194204677,0.1629037826,0.5797537551,1.0419988898,0.0753592263,8.6814274468,0.7476082323,0.3848236563,0.1241345996,20.1739809949
F_73,WP3-73,FI-5,21.48548,70.2535,Q419,16/10/2019,Frakkfjord,14341.0289628615,Control,Control,0,64.5,2710,9,64.5,2710,62,9,86,1,mature_female_frakk,mature,female,1,1,1,Jukse,hooks,4,NA,NA,A,A,0.00,1.00,CC,1,1,1,0,4.219941402,4.402987678,0.0805026153,0.6762984617,18.1678096756,0.3871702023,0.5140474753,0.5381126466,5.848465314,0.3851750796,15.0990529224,6.1017629704,1.5550063159,0.1685520806,0.1005235919,9.4197895875,1.0315869706,0.5412709472,0.0635908595,0.1023792898,0.7515193532,0.2388713878,1.4132922614,0.7892309343,0.0612637604,9.6746059701,0.9952325366,0.3036706746,0.286829232,16.0814578033
F_74,WP3-74,FI-6,21.48548,70.2535,Q419,16/10/2019,Frakkfjord,14341.0289628615,Control,Control,0,67,2790,58,67,2790,35,58,145,1,mature_female_frakk,mature,female,1,1,1,Jukse,hooks,8,NA,NA,A,B,0.00,1.00,CC,1,1,1,0,11.8032333291,5.0069592794,0.0405538391,0.851295673,25.6338722007,6.3020857853,0.5893367337,0.4860812972,6.7741397309,0.2709784495,15.5545400505,6.1161853558,1.3040362472,0.1883722326,0.1255768176,6.7156685914,0.5292727742,0.6592003434,0.0290066521,0.0390401068,0.7127801466,0.1370923615,0.6825552167,0.336042951,0.01377462,3.7489732761,0.7272411329,0,0.1444164175,4.4776883882
F_79,WP3-79,FO-5,21.455268,70.236042,Q419,09/10/2019,Frakkfjord,14590.4709763448,Control,Control,0,71,2720,,71,2720,67,NA,43,NA,mature_male_frakk,mature,male,1,1,1,Garn,gillnet,6,NA,NA,A,A,0.00,1.00,CC,0,1,1,0,23.6469564012,2.5163865795,0,0.447384788,13.3753773832,3.3500406653,0.2844662204,0.2288678022,4.1520449982,0,7.8904574605,3.9155031422,0.4524146095,0.1672872694,0,4.2854766923,0.3560621726,0.2971033836,0,0.0617667213,0.5625628585,0.1254908568,2.2854506797,0.360230648,0.6928806354,6.0275902303,9.1709084697,0.0330815655,0.1336336812,15.1805740854
F_80,WP3-80,FO-6,21.455268,70.236042,Q419,09/10/2019,Frakkfjord,14590.4709763448,Control,Control,0,70,3391,16,70,3391,129,16,92,1,mature_female_frakk,mature,female,1,1,1,Garn,gillnet,4,NA,NA,A,A,0.00,1.00,CC,1,1,1,0,3.9769815725,4.3966004115,0.0524091341,0.4648245591,15.7628069125,0.1725084079,0.2721780396,0.4866456128,5.1526526697,0.139088181,17.5932009429,4.4627895831,1.6365485924,0.1399408445,0.0992540468,12.9265848031,0.3794177149,0.3880687159,0.0686182357,0.063501415,0.9126962662,0.1494130359,0.9744314509,0.694827315,0.0727420333,8.6707746456,0.8661725687,0.0266742365,0.1091591227,18.8884889303
F_81,WP3-81,FO-7,21.455268,70.236042,Q419,09/10/2019,Frakkfjord,14590.4709763448,Control,Control,0,70,3311,,70,3311,173,NA,66,NA,mature_male_frakk,mature,male,1,1,1,Garn,gillnet,4,NA,NA,A,A,0.00,1.00,CC,0,1,1,0,2.9662501295,4.659078465,0.0539518305,0.4704924688,13.9045552929,6.260518374,0.1693113011,0.426392968,4.0481848497,0.1489599488,16.2586335955,4.6623395722,1.6730492688,0.1477551018,0.0798830707,15.1442937404,0.8720378053,0.3565841045,0.0686454455,0.0494815096,1.0184851454,0.163867652,0.794506621,0.80491312,0.0466782512,8.5416326152,0.8747454491,0.3629536977,0.2036995178,14.7681190878
F_82,WP3-82,FO-8,21.455268,70.236042,Q419,09/10/2019,Frakkfjord,14590.4709763448,Control,Control,0,63,2471,,63,2471,95,NA,42,NA,mature_male_frakk,mature,male,1,1,1,Garn,gillnet,6,NA,NA,A,A,0.00,1.00,CC,0,1,1,0.0664546401,4.5274175636,3.403022088,0.0865055103,0.6336767273,15.9573402226,7.6918627004,0.4444243088,0.7519050751,5.2616305913,0.4036544564,17.8201546112,6.7817368675,1.3674508622,0.1458815102,0.0308596834,6.7720710559,0.7658136521,0.5108961397,0.0589539266,0.0891785773,0.4562850458,0.1793951091,1.9527892675,0.6516629326,0.0081028389,9.1776427482,0.7786949891,0.0341679686,0.316241833,12.874126497
F_83,WP3-83,FO-9,21.455268,70.236042,Q419,09/10/2019,Frakkfjord,14590.4709763448,Control,Control,0,57,1666,,57,1666,22,NA,32,NA,immature_male_frakk,immature,male,1,1,1,Garn,gillnet,5,NA,NA,A,A,0.00,1.00,CC,0,1,1,0,17.2113245356,2.9363088,0.0195909395,0.5422842667,15.8478958035,0.1947717299,0.3428715235,0.31499294,4.8499641762,0.1413387653,10.3360957294,4.7559514751,0.9873603815,0.1562966044,0.0357442814,5.2023699366,0.2964786874,0.4351464253,0.1018836708,0.0478287357,0.518744979,0.1483666551,2.9493129818,0.3683792637,0.4902100445,7.7027635091,0.944635945,0.0254774192,0.1210058143,21.9746039803
F_86,WP3-86,FO-12,21.47586,70.26548,Q419,17/10/2019,Frakkfjord,15326.6942523406,Control,Control,0,70,2590,,70,2590,56,NA,64,NA,mature_male_frakk,mature,male,1,1,1,Garn,gillnet,4,NA,NA,A,A,0.00,1.00,CC,0,1,1,0,4.2180762133,7.560717013,0.0621929377,0.5410661481,12.0263460158,6.0312102986,0.1149207181,0.2557058142,1.8128442744,0.0809991711,9.4221128816,2.5143155301,2.2867667043,0.097914953,0.082908909,17.478532341,2.2543677614,3.379164358,0.2649558166,0.0518200397,1.102023321,0.1831821143,0.3728982176,1.4204579908,0.0840030932,7.6292283612,1.1140851956,0.3153412803,0.235391622,17.0064509048
F_89,WP3-89,FO-15,21.47586,70.26548,Q419,17/10/2019,Frakkfjord,15326.6942523406,Control,Control,0,88,5540,72,88,5540,624,72,77,1,mature_female_frakk,mature,female,1,1,1,Garn,gillnet,7,NA,NA,B,B,1.00,0.00,NEAC,1,1,1,0,3.8203595436,6.8232494058,0.0709020228,0.5357564417,14.2548650041,5.7181010948,0.2054665754,0.3661197748,2.608866362,0.0884868871,15.6216536454,2.8093943114,1.8689877429,0.1183851752,0.1209972486,15.5191798856,1.2480928964,2.8116737511,0.0498652622,0.0795530627,0.6046380778,0.144672097,0.3417816379,0.9724392273,0.0203414139,8.9695466719,0.5196221456,0.39168785,0.1630479021,13.1322668826
F_9,WP3-9,BI-9,21.81979,70.19185,Q419,08/10/2019,Bergsfjord,0,Impact,Impact,1,82.5,5900,30,82.5,5900,386,30,135,1,mature_female_berg,mature,female,1,1,1,Jukse,hooks,5,NA,NA,A,A,0.00,1.00,CC,1,1,1,0,3.1399420209,2.6066017199,0.0238517657,0.4745472354,11.8549324413,4.264490229,0.2599270484,0.435650237,3.8514170535,1.9318858102,29.675236675,5.6084528982,8.0532424966,0.1734607232,0.0757854789,4.6745390941,2.2429810369,2.8732027162,0.072892588,0.1637993138,0.3660893486,0.4018706767,1.0638391133,0.1209108768,0.0123557532,7.1034718327,0.3177378526,0.0307349022,0.1731408221,7.9530102397
F_93,WP3-93,FO-19,21.47586,70.26548,Q419,17/10/2019,Frakkfjord,15326.6942523406,Control,Control,0,77.5,4500,43,77.5,4500,136,43,81,1,mature_female_frakk,mature,female,1,1,1,Garn,gillnet,5,NA,NA,A,B,0.00,1.00,CC,1,1,1,0,3.5388599195,6.176360164,0.0722395796,0.5369343915,13.2075816065,6.3955862817,0.2075805714,0.5289439475,2.7435730599,0.0933360209,15.4855507948,4.1542516122,1.9089627849,0.0903635774,0.0914627285,14.5862237154,0.8849845225,0.3392187818,0.1238071722,0.0891194601,0.8936287581,0.0757923359,0.6041449741,0.8262302164,0.0498692533,7.9318513046,0.6692284,0.3484393252,0.1830098761,17.1628648639
F_97,WP3-97,FO-23,21.47586,70.26548,Q419,17/10/2019,Frakkfjord,15326.6942523406,Control,Control,0,75,2560,,75,2560,36,NA,69,NA,mature_male_frakk,mature,male,1,1,1,Garn,gillnet,5,NA,NA,A,A,0.00,1.00,CC,0,1,1,0,8.2316621576,5.7139100402,0.0413052405,0.7291407674,17.2242151134,7.1777486747,0.5500381435,0.3831606307,6.2303428654,0.1646068798,13.8259932674,5.5676397325,1.5240088602,0.1405024998,0.0741462806,13.1822596903,0.5762109911,0.897650194,0.0549247857,0.0509668115,0.8931195868,0.1248396444,0.814290213,0.397989686,0.065678074,5.260106205,0.9102877641,0.1509919102,0.2240841661,8.8181791242
